1,07-10-2020 22:48:37.653,submit sell order,'s22', 44, 21, 1
1,07-10-2020 22:48:39.933,submit buy order,'b22', 43, 30, 5
1,07-10-2020 22:48:58.613,new buy order,'b22', 43, 30, 5
1,07-10-2020 22:49:53.368,submit buy order,'b5', 9, 33, 5
1,07-10-2020 22:50:27.852,submit buy order,'b7', 13, 22, 3
1,07-10-2020 22:50:50.565,new buy order,'b5', 9, 33, 5
1,07-10-2020 22:51:18.054,discard buy order,'b5', 9, 33, 0
1,07-10-2020 22:51:51.682,new buy order,'b7', 13, 22, 3
1,07-10-2020 22:52:23.934,discard buy order,'b22', 43, 30, 0
1,07-10-2020 22:52:44.661,discard buy order,'b7', 13, 22, 0
1,07-10-2020 22:53:09.040,submit buy order,'b15', 29, 40, 4
1,07-10-2020 22:53:47.123,submit sell order,'s8', 16, 26, 1
1,07-10-2020 22:54:06.694,new buy order,'b15', 29, 40, 4
1,07-10-2020 22:55:04.435,new sell order,'s8', 16, 26, 1
1,07-10-2020 22:55:06.417,discard sell order,'s8', 16, 26, 0
1,07-10-2020 22:56:05.026,new sell order,'s22', 44, 21, 1
1,07-10-2020 22:56:22.259,submit buy order,'b25', 49, 33, 2
1,07-10-2020 22:56:39.983,discard sell order,'s22', 44, 21, 0
1,07-10-2020 22:57:30.424,discard buy order,'b15', 29, 40, 0
1,07-10-2020 22:58:05.729,new buy order,'b25', 49, 33, 2
1,07-10-2020 22:58:24.190,submit sell order,'s13', 26, 34, 5
1,07-10-2020 22:59:10.297,submit buy order,'b6', 11, 31, 2
1,07-10-2020 22:59:18.861,submit buy order,'b10', 19, 37, 5
1,07-10-2020 22:59:25.014,new sell order,'s13', 26, 34, 5
1,07-10-2020 22:59:41.100,submit sell order,'s1', 2, 20, 3
1,07-10-2020 22:59:47.485,discard sell order,'s13', 26, 34, 0
1,07-10-2020 22:59:59.213,new buy order,'b10', 19, 37, 5
1,07-10-2020 23:00:22.722,discard buy order,'b25', 49, 33, 0
1,07-10-2020 23:00:27.340,discard buy order,'b10', 19, 37, 0
1,07-10-2020 23:00:28.758,submit sell order,'s3', 6, 38, 2
1,07-10-2020 23:00:30.685,submit sell order,'s25', 50, 20, 5
1,07-10-2020 23:01:16.085,new buy order,'b6', 11, 31, 2
1,07-10-2020 23:01:21.946,submit sell order,'s6', 12, 20, 4
1,07-10-2020 23:01:29.818,discard buy order,'b6', 11, 31, 0
1,07-10-2020 23:02:01.721,submit buy order,'b24', 47, 38, 1
1,07-10-2020 23:02:20.319,submit buy order,'b9', 17, 22, 5
1,07-10-2020 23:03:02.398,submit sell order,'s9', 18, 29, 3
1,07-10-2020 23:04:03.096,submit buy order,'b18', 35, 30, 5
1,07-10-2020 23:04:30.159,submit sell order,'s4', 8, 35, 3
1,07-10-2020 23:04:58.956,new buy order,'b9', 17, 22, 5
1,07-10-2020 23:05:05.144,new sell order,'s3', 6, 38, 2
1,07-10-2020 23:05:37.155,new buy order,'b24', 47, 38, 1
1,07-10-2020 23:06:27.848,submit buy order,'b20', 39, 40, 4
1,07-10-2020 23:07:22.021,new sell order,'s1', 2, 20, 3
1,07-10-2020 23:07:42.027,trade3,'s1', 2, 20, 2,'b24', 47, 38, 0
1,07-10-2020 23:08:39.540,trade2,'s1', 2, 20, 0,'b9', 17, 22, 3
1,07-10-2020 23:08:40.919,submit buy order,'b3', 5, 32, 5
1,07-10-2020 23:09:36.656,discard buy order,'b9', 17, 22, 0
1,07-10-2020 23:10:26.494,submit sell order,'s10', 20, 21, 3
1,07-10-2020 23:11:02.222,new buy order,'b18', 35, 30, 5
1,07-10-2020 23:11:51.942,new sell order,'s25', 50, 20, 5
1,07-10-2020 23:12:11.218,new buy order,'b3', 5, 32, 5
1,07-10-2020 23:12:20.426,new buy order,'b20', 39, 40, 4
1,07-10-2020 23:13:07.978,discard buy order,'b20', 39, 40, 0
1,07-10-2020 23:13:32.543,submit sell order,'s7', 14, 25, 1
1,07-10-2020 23:14:31.229,submit buy order,'b17', 33, 20, 5
1,07-10-2020 23:14:54.274,new sell order,'s10', 20, 21, 3
1,07-10-2020 23:15:16.167,new buy order,'b17', 33, 20, 5
1,07-10-2020 23:16:04.906,submit buy order,'b16', 31, 22, 2
1,07-10-2020 23:16:52.861,trade1,'s25', 50, 20, 0,'b3', 5, 32, 0
1,07-10-2020 23:17:15.720,new buy order,'b16', 31, 22, 2
1,07-10-2020 23:18:01.785,new sell order,'s9', 18, 29, 3
1,07-10-2020 23:18:38.262,trade2,'s10', 20, 21, 0,'b18', 35, 30, 2
1,07-10-2020 23:19:37.146,discard sell order,'s3', 6, 38, 0
1,07-10-2020 23:19:54.090,trade3,'s9', 18, 29, 1,'b18', 35, 30, 0
1,07-10-2020 23:20:29.105,submit sell order,'s14', 28, 31, 5
1,07-10-2020 23:20:47.506,new sell order,'s7', 14, 25, 1
1,07-10-2020 23:21:15.839,submit sell order,'s17', 34, 24, 5
1,07-10-2020 23:22:10.510,submit sell order,'s19', 38, 27, 3
1,07-10-2020 23:22:13.426,submit sell order,'s18', 36, 39, 5
1,07-10-2020 23:22:58.327,new sell order,'s14', 28, 31, 5
1,07-10-2020 23:23:58.285,new sell order,'s18', 36, 39, 5
1,07-10-2020 23:24:07.583,discard buy order,'b16', 31, 22, 0
1,07-10-2020 23:24:10.681,submit sell order,'s12', 24, 21, 4
1,07-10-2020 23:24:31.021,submit sell order,'s21', 42, 23, 3
1,07-10-2020 23:24:41.190,discard sell order,'s18', 36, 39, 0
1,07-10-2020 23:24:50.770,submit buy order,'b11', 21, 30, 4
1,07-10-2020 23:25:12.430,discard sell order,'s14', 28, 31, 0
1,07-10-2020 23:25:36.150,discard buy order,'b17', 33, 20, 0
1,07-10-2020 23:26:17.437,submit sell order,'s2', 4, 23, 1
1,07-10-2020 23:26:26.786,new sell order,'s19', 38, 27, 3
1,07-10-2020 23:27:01.536,discard sell order,'s9', 18, 29, 0
1,07-10-2020 23:28:01.863,submit sell order,'s11', 22, 27, 5
1,07-10-2020 23:28:30.246,discard sell order,'s9', 18, 29, 0
1,07-10-2020 23:29:18.034,new buy order,'b11', 21, 30, 4
1,07-10-2020 23:29:26.260,submit buy order,'b4', 7, 28, 4
1,07-10-2020 23:30:13.818,new sell order,'s4', 8, 35, 3
1,07-10-2020 23:30:47.779,new sell order,'s2', 4, 23, 1
1,07-10-2020 23:31:44.449,new buy order,'b4', 7, 28, 4
1,07-10-2020 23:32:39.650,new sell order,'s12', 24, 21, 4
1,07-10-2020 23:33:10.908,submit buy order,'b14', 27, 33, 4
1,07-10-2020 23:34:04.941,discard sell order,'s7', 14, 25, 0
1,07-10-2020 23:34:09.358,trade1,'s12', 24, 21, 0,'b11', 21, 30, 0
1,07-10-2020 23:34:22.064,new sell order,'s17', 34, 24, 5
1,07-10-2020 23:35:03.684,new sell order,'s6', 12, 20, 4
1,07-10-2020 23:35:09.928,discard sell order,'s2', 4, 23, 0
1,07-10-2020 23:35:18.049,discard buy order,'b4', 7, 28, 0
1,07-10-2020 23:35:33.261,new buy order,'b14', 27, 33, 4
1,07-10-2020 23:36:24.356,trade1,'s6', 12, 20, 0,'b14', 27, 33, 0
1,07-10-2020 23:37:05.779,discard sell order,'s17', 34, 24, 0
1,07-10-2020 23:37:17.637,discard sell order,'s19', 38, 27, 0
1,07-10-2020 23:37:29.678,submit sell order,'s15', 30, 23, 3
1,07-10-2020 23:37:56.652,submit sell order,'s23', 46, 29, 5
1,07-10-2020 23:38:19.374,new sell order,'s23', 46, 29, 5
1,07-10-2020 23:39:07.474,new sell order,'s11', 22, 27, 5
1,07-10-2020 23:39:26.397,submit sell order,'s16', 32, 32, 1
1,07-10-2020 23:39:34.659,submit sell order,'s5', 10, 34, 3
1,07-10-2020 23:39:58.434,discard sell order,'s11', 22, 27, 0
1,07-10-2020 23:40:47.707,submit buy order,'b8', 15, 30, 3
1,07-10-2020 23:41:01.976,new sell order,'s16', 32, 32, 1
1,07-10-2020 23:41:09.607,new buy order,'b8', 15, 30, 3
1,07-10-2020 23:41:35.915,discard sell order,'s23', 46, 29, 0
1,07-10-2020 23:41:53.104,discard sell order,'s16', 32, 32, 0
1,07-10-2020 23:42:43.620,submit buy order,'b23', 45, 24, 3
1,07-10-2020 23:43:17.060,submit buy order,'b1', 1, 35, 1
1,07-10-2020 23:43:50.757,new sell order,'s5', 10, 34, 3
1,07-10-2020 23:43:52.288,submit buy order,'b2', 3, 31, 3
1,07-10-2020 23:43:59.561,new buy order,'b1', 1, 35, 1
1,07-10-2020 23:44:47.282,trade3,'s5', 10, 34, 2,'b1', 1, 35, 0
1,07-10-2020 23:45:25.357,new buy order,'b2', 3, 31, 3
1,07-10-2020 23:45:37.596,new buy order,'b23', 45, 24, 3
1,07-10-2020 23:46:29.311,discard buy order,'b8', 15, 30, 0
1,07-10-2020 23:47:14.476,discard buy order,'b23', 45, 24, 0
1,07-10-2020 23:47:33.832,submit sell order,'s20', 40, 34, 5
1,07-10-2020 23:47:41.323,submit buy order,'b12', 23, 37, 5
1,07-10-2020 23:47:57.464,discard sell order,'s5', 10, 34, 0
1,07-10-2020 23:48:00.261,submit sell order,'s24', 48, 34, 1
1,07-10-2020 23:48:30.820,submit buy order,'b19', 37, 32, 3
1,07-10-2020 23:49:16.203,new buy order,'b19', 37, 32, 3
1,07-10-2020 23:49:45.493,submit buy order,'b13', 25, 21, 4
1,07-10-2020 23:50:46.123,discard sell order,'s4', 8, 35, 0
1,07-10-2020 23:51:15.304,new sell order,'s20', 40, 34, 5
1,07-10-2020 23:52:00.420,new sell order,'s15', 30, 23, 3
1,07-10-2020 23:52:39.271,new buy order,'b12', 23, 37, 5
1,07-10-2020 23:52:52.143,discard sell order,'s15', 30, 23, 0
1,07-10-2020 23:52:59.992,new sell order,'s24', 48, 34, 1
1,07-10-2020 23:53:34.296,discard buy order,'b12', 23, 37, 0
1,07-10-2020 23:53:47.285,new sell order,'s21', 42, 23, 3
1,07-10-2020 23:54:11.915,submit buy order,'b21', 41, 24, 3
1,07-10-2020 23:54:26.859,discard sell order,'s21', 42, 23, 0
1,07-10-2020 23:54:32.216,discard buy order,'b19', 37, 32, 0
1,07-10-2020 23:54:37.147,discard sell order,'s20', 40, 34, 0
1,07-10-2020 23:55:08.324,new buy order,'b13', 25, 21, 4
1,07-10-2020 23:55:22.263,discard sell order,'s24', 48, 34, 0
1,07-10-2020 23:56:00.262,new buy order,'b21', 41, 24, 3
1,07-10-2020 23:57:00.371,discard buy order,'b21', 41, 24, 0
1,07-10-2020 23:57:56.217,discard buy order,'b13', 25, 21, 0
1,07-10-2020 23:58:41.462,discard buy order,'b2', 3, 31, 0
2,07-10-2020 23:59:41.720,submit buy order,'b22', 43, 30, 5
2,08-10-2020 00:00:06.758,submit buy order,'b5', 9, 33, 5
2,08-10-2020 00:00:39.146,submit sell order,'s21', 42, 23, 3
2,08-10-2020 00:00:52.817,submit sell order,'s12', 24, 21, 4
2,08-10-2020 00:01:49.572,submit buy order,'b20', 39, 40, 4
2,08-10-2020 00:01:56.776,new sell order,'s12', 24, 21, 4
2,08-10-2020 00:02:03.145,submit sell order,'s19', 38, 27, 3
2,08-10-2020 00:02:23.598,submit sell order,'s23', 46, 29, 5
2,08-10-2020 00:02:58.911,new sell order,'s19', 38, 27, 3
2,08-10-2020 00:03:05.349,new buy order,'b5', 9, 33, 5
2,08-10-2020 00:03:27.072,new buy order,'b20', 39, 40, 4
2,08-10-2020 00:04:14.357,discard sell order,'s19', 38, 27, 0
2,08-10-2020 00:04:44.538,discard buy order,'b5', 9, 33, 0
2,08-10-2020 00:04:54.115,submit buy order,'b19', 37, 32, 3
2,08-10-2020 00:05:29.570,discard sell order,'s12', 24, 21, 0
2,08-10-2020 00:05:40.945,discard buy order,'b20', 39, 40, 0
2,08-10-2020 00:06:01.281,new sell order,'s23', 46, 29, 5
2,08-10-2020 00:06:49.409,trade3,'s23', 46, 29, 5,'b20', 39, 40, 0
2,08-10-2020 00:07:37.058,new sell order,'s21', 42, 23, 3
2,08-10-2020 00:08:37.447,submit sell order,'s22', 44, 21, 1
2,08-10-2020 00:09:08.916,new buy order,'b19', 37, 32, 3
2,08-10-2020 00:10:03.911,discard sell order,'s21', 42, 23, 0
2,08-10-2020 00:10:37.528,trade3,'s23', 46, 29, 2,'b19', 37, 32, 0
2,08-10-2020 00:11:21.377,submit sell order,'s14', 28, 31, 5
2,08-10-2020 00:12:04.693,discard sell order,'s23', 46, 29, 0
2,08-10-2020 00:12:45.254,new sell order,'s22', 44, 21, 1
2,08-10-2020 00:12:58.635,discard sell order,'s22', 44, 21, 0
2,08-10-2020 00:13:31.515,submit buy order,'b7', 13, 22, 3
2,08-10-2020 00:14:25.280,submit sell order,'s10', 20, 21, 3
2,08-10-2020 00:15:12.917,new buy order,'b7', 13, 22, 3
2,08-10-2020 00:15:53.046,new buy order,'b22', 43, 30, 5
2,08-10-2020 00:16:01.108,new sell order,'s10', 20, 21, 3
2,08-10-2020 00:16:33.663,new sell order,'s14', 28, 31, 5
2,08-10-2020 00:17:29.903,trade2,'s10', 20, 21, 0,'b22', 43, 30, 2
2,08-10-2020 00:18:19.894,submit buy order,'b11', 21, 30, 4
2,08-10-2020 00:18:44.279,new buy order,'b11', 21, 30, 4
2,08-10-2020 00:19:30.826,submit buy order,'b15', 29, 40, 4
2,08-10-2020 00:19:32.506,new buy order,'b15', 29, 40, 4
2,08-10-2020 00:20:27.489,trade3,'s14', 28, 31, 1,'b15', 29, 40, 0
2,08-10-2020 00:21:25.056,discard sell order,'s14', 28, 31, 0
2,08-10-2020 00:22:21.824,submit buy order,'b25', 49, 33, 2
2,08-10-2020 00:22:43.237,new buy order,'b25', 49, 33, 2
2,08-10-2020 00:23:24.178,submit sell order,'s5', 10, 34, 3
2,08-10-2020 00:23:37.728,submit sell order,'s11', 22, 27, 5
2,08-10-2020 00:24:05.025,new sell order,'s11', 22, 27, 5
2,08-10-2020 00:24:57.374,submit sell order,'s9', 18, 29, 3
2,08-10-2020 00:25:37.883,new sell order,'s9', 18, 29, 3
2,08-10-2020 00:26:16.178,discard sell order,'s9', 18, 29, 0
2,08-10-2020 00:26:40.071,submit buy order,'b2', 3, 31, 3
2,08-10-2020 00:27:30.970,new buy order,'b2', 3, 31, 3
2,08-10-2020 00:27:58.590,submit buy order,'b23', 45, 24, 3
2,08-10-2020 00:28:49.484,discard sell order,'s11', 22, 27, 0
2,08-10-2020 00:29:47.854,submit buy order,'b10', 19, 37, 5
2,08-10-2020 00:30:34.484,discard buy order,'b2', 3, 31, 0
2,08-10-2020 00:31:27.301,new buy order,'b23', 45, 24, 3
2,08-10-2020 00:31:47.154,new buy order,'b10', 19, 37, 5
2,08-10-2020 00:32:38.033,submit sell order,'s1', 2, 20, 3
2,08-10-2020 00:33:34.615,discard buy order,'b23', 45, 24, 0
2,08-10-2020 00:33:37.981,submit buy order,'b9', 17, 22, 5
2,08-10-2020 00:34:13.255,submit sell order,'s8', 16, 26, 1
2,08-10-2020 00:34:28.519,submit buy order,'b16', 31, 22, 2
2,08-10-2020 00:34:42.652,submit sell order,'s24', 48, 34, 1
2,08-10-2020 00:35:23.048,submit buy order,'b18', 35, 30, 5
2,08-10-2020 00:36:01.552,submit sell order,'s7', 14, 25, 1
2,08-10-2020 00:37:00.039,new buy order,'b18', 35, 30, 5
2,08-10-2020 00:37:29.316,discard buy order,'b11', 21, 30, 0
2,08-10-2020 00:38:01.386,discard buy order,'b7', 13, 22, 0
2,08-10-2020 00:38:42.244,submit sell order,'s6', 12, 20, 4
2,08-10-2020 00:38:43.609,new buy order,'b16', 31, 22, 2
2,08-10-2020 00:38:57.734,new sell order,'s7', 14, 25, 1
2,08-10-2020 00:39:26.173,trade2,'s7', 14, 25, 0,'b10', 19, 37, 4
2,08-10-2020 00:40:08.410,submit buy order,'b1', 1, 35, 1
2,08-10-2020 00:40:48.622,submit sell order,'s18', 36, 39, 5
2,08-10-2020 00:41:23.338,new buy order,'b9', 17, 22, 5
2,08-10-2020 00:41:24.943,discard buy order,'b18', 35, 30, 0
2,08-10-2020 00:42:09.277,new sell order,'s1', 2, 20, 3
2,08-10-2020 00:42:33.428,trade2,'s1', 2, 20, 0,'b10', 19, 37, 1
2,08-10-2020 00:43:04.026,new buy order,'b1', 1, 35, 1
2,08-10-2020 00:43:56.607,new sell order,'s24', 48, 34, 1
2,08-10-2020 00:44:06.486,submit buy order,'b17', 33, 20, 5
2,08-10-2020 00:45:06.467,new buy order,'b17', 33, 20, 5
2,08-10-2020 00:46:00.994,discard buy order,'b9', 17, 22, 0
2,08-10-2020 00:46:48.460,discard buy order,'b22', 43, 30, 0
2,08-10-2020 00:46:50.163,discard sell order,'s24', 48, 34, 0
2,08-10-2020 00:46:57.962,discard buy order,'b16', 31, 22, 0
2,08-10-2020 00:47:48.940,discard buy order,'b25', 49, 33, 0
2,08-10-2020 00:47:59.643,discard buy order,'b2', 3, 31, 0
2,08-10-2020 00:48:59.205,new sell order,'s5', 10, 34, 3
2,08-10-2020 00:49:45.901,trade3,'s5', 10, 34, 2,'b10', 19, 37, 0
2,08-10-2020 00:50:42.396,submit sell order,'s20', 40, 34, 5
2,08-10-2020 00:51:18.853,new sell order,'s18', 36, 39, 5
2,08-10-2020 00:51:41.791,new sell order,'s8', 16, 26, 1
2,08-10-2020 00:52:35.224,submit buy order,'b14', 27, 33, 4
2,08-10-2020 00:52:53.173,new sell order,'s20', 40, 34, 5
2,08-10-2020 00:53:30.634,trade1,'s8', 16, 26, 0,'b1', 1, 35, 0
2,08-10-2020 00:53:38.699,discard buy order,'b17', 33, 20, 0
2,08-10-2020 00:54:26.008,submit buy order,'b3', 5, 32, 5
2,08-10-2020 00:54:52.775,submit buy order,'b12', 23, 37, 5
2,08-10-2020 00:55:29.126,new sell order,'s6', 12, 20, 4
2,08-10-2020 00:56:10.868,discard sell order,'s18', 36, 39, 0
2,08-10-2020 00:56:52.349,discard sell order,'s6', 12, 20, 0
2,08-10-2020 00:57:10.495,submit sell order,'s16', 32, 32, 1
2,08-10-2020 00:57:20.081,submit sell order,'s2', 4, 23, 1
2,08-10-2020 00:58:06.010,new buy order,'b14', 27, 33, 4
2,08-10-2020 00:58:35.498,new buy order,'b12', 23, 37, 5
2,08-10-2020 00:58:45.102,discard sell order,'s5', 10, 34, 0
2,08-10-2020 00:58:55.799,discard buy order,'b12', 23, 37, 0
2,08-10-2020 00:59:56.263,submit sell order,'s15', 30, 23, 3
2,08-10-2020 00:59:59.495,discard sell order,'s20', 40, 34, 0
2,08-10-2020 01:00:50.289,discard buy order,'b14', 27, 33, 0
2,08-10-2020 01:01:31.345,new buy order,'b3', 5, 32, 5
2,08-10-2020 01:02:17.053,submit sell order,'s13', 26, 34, 5
2,08-10-2020 01:02:38.084,submit buy order,'b21', 41, 24, 3
2,08-10-2020 01:02:45.797,submit buy order,'b6', 11, 31, 2
2,08-10-2020 01:03:08.923,submit buy order,'b24', 47, 38, 1
2,08-10-2020 01:03:45.523,new buy order,'b6', 11, 31, 2
2,08-10-2020 01:04:11.456,submit buy order,'b4', 7, 28, 4
2,08-10-2020 01:04:31.770,new buy order,'b21', 41, 24, 3
2,08-10-2020 01:05:08.204,submit buy order,'b8', 15, 30, 3
2,08-10-2020 01:05:23.618,new buy order,'b4', 7, 28, 4
2,08-10-2020 01:05:43.499,submit buy order,'b13', 25, 21, 4
2,08-10-2020 01:06:18.414,discard buy order,'b6', 11, 31, 0
2,08-10-2020 01:06:38.008,new sell order,'s13', 26, 34, 5
2,08-10-2020 01:06:48.746,discard buy order,'b3', 5, 32, 0
2,08-10-2020 01:07:09.857,submit sell order,'s17', 34, 24, 5
2,08-10-2020 01:08:00.299,new buy order,'b24', 47, 38, 1
2,08-10-2020 01:08:20.789,discard buy order,'b24', 47, 38, 0
2,08-10-2020 01:08:24.891,new sell order,'s15', 30, 23, 3
2,08-10-2020 01:08:51.157,discard buy order,'b4', 7, 28, 0
2,08-10-2020 01:09:42.699,discard sell order,'s13', 26, 34, 0
2,08-10-2020 01:10:24.249,discard sell order,'s15', 30, 23, 0
2,08-10-2020 01:11:06.419,new sell order,'s16', 32, 32, 1
2,08-10-2020 01:11:11.707,new sell order,'s17', 34, 24, 5
2,08-10-2020 01:12:03.560,new buy order,'b13', 25, 21, 4
2,08-10-2020 01:12:29.059,new sell order,'s2', 4, 23, 1
2,08-10-2020 01:13:02.855,trade2,'s2', 4, 23, 0,'b21', 41, 24, 2
2,08-10-2020 01:13:10.014,discard sell order,'s16', 32, 32, 0
2,08-10-2020 01:13:29.845,new buy order,'b8', 15, 30, 3
2,08-10-2020 01:13:49.036,submit sell order,'s3', 6, 38, 2
2,08-10-2020 01:13:56.815,discard buy order,'b8', 15, 30, 0
2,08-10-2020 01:14:53.119,trade3,'s17', 34, 24, 3,'b21', 41, 24, 0
2,08-10-2020 01:15:19.648,discard buy order,'b13', 25, 21, 0
2,08-10-2020 01:15:31.055,submit sell order,'s4', 8, 35, 3
2,08-10-2020 01:15:54.912,discard sell order,'s17', 34, 24, 0
2,08-10-2020 01:16:52.307,submit sell order,'s25', 50, 20, 5
2,08-10-2020 01:17:25.976,new sell order,'s4', 8, 35, 3
2,08-10-2020 01:17:51.673,new sell order,'s3', 6, 38, 2
2,08-10-2020 01:18:24.105,new sell order,'s25', 50, 20, 5
2,08-10-2020 01:18:41.039,discard sell order,'s4', 8, 35, 0
2,08-10-2020 01:18:47.984,discard sell order,'s25', 50, 20, 0
2,08-10-2020 01:19:10.561,discard sell order,'s3', 6, 38, 0
3,08-10-2020 01:20:07.052,submit buy order,'b1', 1, 35, 1
3,08-10-2020 01:20:10.741,submit sell order,'s16', 32, 32, 1
3,08-10-2020 01:20:22.046,new sell order,'s16', 32, 32, 1
3,08-10-2020 01:20:47.325,discard sell order,'s16', 32, 32, 0
3,08-10-2020 01:21:28.136,new buy order,'b1', 1, 35, 1
3,08-10-2020 01:22:17.291,submit sell order,'s12', 24, 21, 4
3,08-10-2020 01:23:07.030,submit sell order,'s5', 10, 34, 3
3,08-10-2020 01:23:30.571,submit buy order,'b13', 25, 21, 4
3,08-10-2020 01:23:53.257,discard buy order,'b1', 1, 35, 0
3,08-10-2020 01:24:24.113,new buy order,'b13', 25, 21, 4
3,08-10-2020 01:25:07.658,submit buy order,'b25', 49, 33, 2
3,08-10-2020 01:25:34.148,discard buy order,'b13', 25, 21, 0
3,08-10-2020 01:25:43.755,submit sell order,'s25', 50, 20, 5
3,08-10-2020 01:26:35.462,new sell order,'s12', 24, 21, 4
3,08-10-2020 01:26:36.762,discard sell order,'s12', 24, 21, 0
3,08-10-2020 01:27:31.136,new sell order,'s5', 10, 34, 3
3,08-10-2020 01:27:59.418,discard sell order,'s5', 10, 34, 0
3,08-10-2020 01:28:25.551,new buy order,'b25', 49, 33, 2
3,08-10-2020 01:29:15.344,trade2,'s12', 24, 21, 0,'b25', 49, 33, 2
3,08-10-2020 01:29:24.481,new sell order,'s25', 50, 20, 5
3,08-10-2020 01:30:23.077,trade3,'s25', 50, 20, 3,'b25', 49, 33, 0
3,08-10-2020 01:31:18.817,submit buy order,'b20', 39, 40, 4
3,08-10-2020 01:31:21.581,discard sell order,'s25', 50, 20, 0
3,08-10-2020 01:31:28.118,new buy order,'b20', 39, 40, 4
3,08-10-2020 01:31:47.357,discard buy order,'b20', 39, 40, 0
3,08-10-2020 01:32:10.102,submit buy order,'b24', 47, 38, 1
3,08-10-2020 01:32:34.578,submit sell order,'s19', 38, 27, 3
3,08-10-2020 01:33:21.609,submit sell order,'s17', 34, 24, 5
3,08-10-2020 01:34:13.499,new sell order,'s17', 34, 24, 5
3,08-10-2020 01:35:04.777,submit buy order,'b21', 41, 24, 3
3,08-10-2020 01:35:28.220,new buy order,'b21', 41, 24, 3
3,08-10-2020 01:35:38.377,trade3,'s17', 34, 24, 2,'b21', 41, 24, 0
3,08-10-2020 01:36:07.339,submit sell order,'s20', 40, 34, 5
3,08-10-2020 01:36:14.936,submit buy order,'b23', 45, 24, 3
3,08-10-2020 01:36:21.176,submit sell order,'s8', 16, 26, 1
3,08-10-2020 01:36:57.218,new sell order,'s8', 16, 26, 1
3,08-10-2020 01:37:10.496,new buy order,'b24', 47, 38, 1
3,08-10-2020 01:37:27.844,trade3,'s17', 34, 24, 1,'b24', 47, 38, 0
3,08-10-2020 01:38:24.280,submit sell order,'s23', 46, 29, 5
3,08-10-2020 01:39:19.815,new sell order,'s23', 46, 29, 5
3,08-10-2020 01:39:40.527,discard sell order,'s17', 34, 24, 0
3,08-10-2020 01:40:07.364,submit buy order,'b12', 23, 37, 5
3,08-10-2020 01:40:50.892,discard sell order,'s23', 46, 29, 0
3,08-10-2020 01:41:32.753,submit buy order,'b19', 37, 32, 3
3,08-10-2020 01:41:44.461,submit buy order,'b18', 35, 30, 5
3,08-10-2020 01:42:17.026,new buy order,'b19', 37, 32, 3
3,08-10-2020 01:42:24.995,new buy order,'b12', 23, 37, 5
3,08-10-2020 01:42:39.164,trade2,'s8', 16, 26, 0,'b12', 23, 37, 4
3,08-10-2020 01:43:38.987,new sell order,'s19', 38, 27, 3
3,08-10-2020 01:44:00.434,submit sell order,'s4', 8, 35, 3
3,08-10-2020 01:44:41.714,discard buy order,'b12', 23, 37, 0
3,08-10-2020 01:45:40.004,submit sell order,'s11', 22, 27, 5
3,08-10-2020 01:46:10.840,submit buy order,'b2', 3, 31, 3
3,08-10-2020 01:46:51.492,trade1,'s19', 38, 27, 0,'b19', 37, 32, 0
3,08-10-2020 01:47:19.658,new sell order,'s11', 22, 27, 5
3,08-10-2020 01:48:12.459,submit sell order,'s10', 20, 21, 3
3,08-10-2020 01:48:59.566,discard sell order,'s11', 22, 27, 0
3,08-10-2020 01:49:02.522,submit sell order,'s2', 4, 23, 1
3,08-10-2020 01:49:13.476,discard sell order,'s11', 22, 27, 0
3,08-10-2020 01:50:01.127,new sell order,'s4', 8, 35, 3
3,08-10-2020 01:50:21.571,submit buy order,'b22', 43, 30, 5
3,08-10-2020 01:51:00.389,discard sell order,'s4', 8, 35, 0
3,08-10-2020 01:51:33.784,submit buy order,'b16', 31, 22, 2
3,08-10-2020 01:51:45.683,new buy order,'b2', 3, 31, 3
3,08-10-2020 01:52:05.242,discard buy order,'b2', 3, 31, 0
3,08-10-2020 01:52:06.363,submit buy order,'b11', 21, 30, 4
3,08-10-2020 01:52:07.589,submit sell order,'s24', 48, 34, 1
3,08-10-2020 01:52:25.982,submit sell order,'s21', 42, 23, 3
3,08-10-2020 01:52:59.892,submit buy order,'b8', 15, 30, 3
3,08-10-2020 01:53:13.028,new sell order,'s20', 40, 34, 5
3,08-10-2020 01:54:02.127,new buy order,'b22', 43, 30, 5
3,08-10-2020 01:54:24.479,new sell order,'s2', 4, 23, 1
3,08-10-2020 01:55:07.826,new sell order,'s10', 20, 21, 3
3,08-10-2020 01:55:26.811,submit sell order,'s14', 28, 31, 5
3,08-10-2020 01:56:27.653,discard buy order,'b22', 43, 30, 0
3,08-10-2020 01:57:00.906,new buy order,'b8', 15, 30, 3
3,08-10-2020 01:57:55.785,new buy order,'b11', 21, 30, 4
3,08-10-2020 01:58:43.563,discard buy order,'b11', 21, 30, 0
3,08-10-2020 01:59:43.121,submit buy order,'b17', 33, 20, 5
3,08-10-2020 02:00:40.033,new buy order,'b23', 45, 24, 3
3,08-10-2020 02:01:27.954,trade1,'s10', 20, 21, 0,'b8', 15, 30, 0
3,08-10-2020 02:02:03.645,trade3,'s2', 4, 23, 1,'b22', 43, 30, 0
3,08-10-2020 02:02:41.211,discard buy order,'b23', 45, 24, 0
3,08-10-2020 02:02:53.391,new sell order,'s14', 28, 31, 5
3,08-10-2020 02:03:43.068,new sell order,'s21', 42, 23, 3
3,08-10-2020 02:04:20.267,discard sell order,'s14', 28, 31, 0
3,08-10-2020 02:05:14.041,new sell order,'s24', 48, 34, 1
3,08-10-2020 02:05:58.525,submit sell order,'s15', 30, 23, 3
3,08-10-2020 02:06:32.817,new sell order,'s15', 30, 23, 3
3,08-10-2020 02:07:13.742,submit buy order,'b10', 19, 37, 5
3,08-10-2020 02:07:20.465,submit sell order,'s18', 36, 39, 5
3,08-10-2020 02:08:15.383,new buy order,'b17', 33, 20, 5
3,08-10-2020 02:08:51.999,submit buy order,'b9', 17, 22, 5
3,08-10-2020 02:09:11.822,discard sell order,'s15', 30, 23, 0
3,08-10-2020 02:10:11.474,submit sell order,'s13', 26, 34, 5
3,08-10-2020 02:11:02.764,discard sell order,'s24', 48, 34, 0
3,08-10-2020 02:11:46.643,submit sell order,'s3', 6, 38, 2
3,08-10-2020 02:12:10.804,discard buy order,'b17', 33, 20, 0
3,08-10-2020 02:12:59.858,submit sell order,'s1', 2, 20, 3
3,08-10-2020 02:13:50.071,new sell order,'s13', 26, 34, 5
3,08-10-2020 02:14:08.677,submit sell order,'s9', 18, 29, 3
3,08-10-2020 02:14:51.757,new sell order,'s18', 36, 39, 5
3,08-10-2020 02:15:02.614,submit sell order,'s7', 14, 25, 1
3,08-10-2020 02:15:34.673,submit buy order,'b7', 13, 22, 3
3,08-10-2020 02:15:58.996,submit sell order,'s22', 44, 21, 1
3,08-10-2020 02:16:19.843,discard sell order,'s21', 42, 23, 0
3,08-10-2020 02:17:17.800,new sell order,'s9', 18, 29, 3
3,08-10-2020 02:17:38.118,submit buy order,'b14', 27, 33, 4
3,08-10-2020 02:17:50.566,submit sell order,'s6', 12, 20, 4
3,08-10-2020 02:17:54.780,new sell order,'s7', 14, 25, 1
3,08-10-2020 02:18:46.998,new sell order,'s3', 6, 38, 2
3,08-10-2020 02:19:31.454,discard sell order,'s3', 6, 38, 0
3,08-10-2020 02:20:20.819,new buy order,'b18', 35, 30, 5
3,08-10-2020 02:20:26.986,new sell order,'s22', 44, 21, 1
3,08-10-2020 02:21:17.227,discard sell order,'s20', 40, 34, 0
3,08-10-2020 02:22:10.813,new buy order,'b10', 19, 37, 5
3,08-10-2020 02:23:09.407,new sell order,'s6', 12, 20, 4
3,08-10-2020 02:23:17.797,new buy order,'b14', 27, 33, 4
3,08-10-2020 02:23:58.768,trade2,'s6', 12, 20, 0,'b10', 19, 37, 1
3,08-10-2020 02:24:51.086,trade1,'s22', 44, 21, 0,'b10', 19, 37, 0
3,08-10-2020 02:25:25.865,discard sell order,'s2', 4, 23, 0
3,08-10-2020 02:26:23.136,discard sell order,'s7', 14, 25, 0
3,08-10-2020 02:27:23.004,discard sell order,'s18', 36, 39, 0
3,08-10-2020 02:27:53.041,discard buy order,'b18', 35, 30, 0
3,08-10-2020 02:27:57.620,new buy order,'b16', 31, 22, 2
3,08-10-2020 02:28:05.015,discard sell order,'s9', 18, 29, 0
3,08-10-2020 02:28:43.577,discard sell order,'s13', 26, 34, 0
3,08-10-2020 02:29:32.377,new sell order,'s1', 2, 20, 3
3,08-10-2020 02:29:39.726,new buy order,'b9', 17, 22, 5
3,08-10-2020 02:29:43.061,discard buy order,'b16', 31, 22, 0
3,08-10-2020 02:30:43.621,trade2,'s1', 2, 20, 0,'b14', 27, 33, 1
3,08-10-2020 02:31:25.431,submit buy order,'b3', 5, 32, 5
3,08-10-2020 02:32:25.590,submit buy order,'b15', 29, 40, 4
3,08-10-2020 02:32:35.306,submit buy order,'b4', 7, 28, 4
3,08-10-2020 02:32:38.089,discard buy order,'b9', 17, 22, 0
3,08-10-2020 02:32:50.356,discard buy order,'b14', 27, 33, 0
3,08-10-2020 02:33:18.524,submit buy order,'b6', 11, 31, 2
3,08-10-2020 02:33:59.932,new buy order,'b4', 7, 28, 4
3,08-10-2020 02:34:41.772,discard buy order,'b4', 7, 28, 0
3,08-10-2020 02:35:09.894,new buy order,'b6', 11, 31, 2
3,08-10-2020 02:35:47.261,discard buy order,'b6', 11, 31, 0
3,08-10-2020 02:36:00.883,new buy order,'b15', 29, 40, 4
3,08-10-2020 02:36:58.090,submit buy order,'b5', 9, 33, 5
3,08-10-2020 02:37:33.289,discard buy order,'b15', 29, 40, 0
3,08-10-2020 02:37:35.309,new buy order,'b5', 9, 33, 5
3,08-10-2020 02:37:47.179,new buy order,'b7', 13, 22, 3
3,08-10-2020 02:38:06.824,discard buy order,'b5', 9, 33, 0
3,08-10-2020 02:38:16.104,new buy order,'b3', 5, 32, 5
3,08-10-2020 02:39:10.525,discard buy order,'b7', 13, 22, 0
3,08-10-2020 02:39:36.479,discard buy order,'b3', 5, 32, 0
4,08-10-2020 02:39:46.162,submit buy order,'b12', 23, 37, 5
4,08-10-2020 02:40:25.147,submit buy order,'b17', 33, 20, 5
4,08-10-2020 02:41:22.383,submit buy order,'b15', 29, 40, 4
4,08-10-2020 02:42:18.205,submit sell order,'s1', 2, 20, 3
4,08-10-2020 02:42:51.222,submit buy order,'b14', 27, 33, 4
4,08-10-2020 02:43:20.994,new buy order,'b17', 33, 20, 5
4,08-10-2020 02:43:57.989,submit buy order,'b8', 15, 30, 3
4,08-10-2020 02:44:02.013,new buy order,'b12', 23, 37, 5
4,08-10-2020 02:44:52.817,new sell order,'s1', 2, 20, 3
4,08-10-2020 02:45:20.421,discard buy order,'b12', 23, 37, 0
4,08-10-2020 02:46:09.120,submit sell order,'s25', 50, 20, 5
4,08-10-2020 02:47:01.025,trade2,'s1', 2, 20, 0,'b17', 33, 20, 2
4,08-10-2020 02:47:07.975,discard buy order,'b17', 33, 20, 0
4,08-10-2020 02:48:08.255,new sell order,'s25', 50, 20, 5
4,08-10-2020 02:48:24.121,discard sell order,'s25', 50, 20, 0
4,08-10-2020 02:48:27.775,new buy order,'b14', 27, 33, 4
4,08-10-2020 02:48:48.111,submit buy order,'b9', 17, 22, 5
4,08-10-2020 02:48:54.175,discard buy order,'b14', 27, 33, 0
4,08-10-2020 02:49:47.572,submit buy order,'b10', 19, 37, 5
4,08-10-2020 02:50:42.909,submit buy order,'b1', 1, 35, 1
4,08-10-2020 02:51:05.173,submit sell order,'s7', 14, 25, 1
4,08-10-2020 02:51:13.120,submit buy order,'b4', 7, 28, 4
4,08-10-2020 02:51:14.786,new sell order,'s7', 14, 25, 1
4,08-10-2020 02:51:36.346,submit sell order,'s18', 36, 39, 5
4,08-10-2020 02:51:58.565,discard sell order,'s7', 14, 25, 0
4,08-10-2020 02:52:25.329,new sell order,'s18', 36, 39, 5
4,08-10-2020 02:53:22.984,submit buy order,'b19', 37, 32, 3
4,08-10-2020 02:53:32.059,submit sell order,'s8', 16, 26, 1
4,08-10-2020 02:53:51.515,submit buy order,'b24', 47, 38, 1
4,08-10-2020 02:54:18.472,new buy order,'b9', 17, 22, 5
4,08-10-2020 02:54:52.699,new buy order,'b4', 7, 28, 4
4,08-10-2020 02:55:14.202,submit buy order,'b6', 11, 31, 2
4,08-10-2020 02:56:08.869,discard sell order,'s7', 14, 25, 0
4,08-10-2020 02:57:05.957,new sell order,'s8', 16, 26, 1
4,08-10-2020 02:57:09.562,submit sell order,'s9', 18, 29, 3
4,08-10-2020 02:57:34.427,discard buy order,'b4', 7, 28, 0
4,08-10-2020 02:57:45.561,new buy order,'b6', 11, 31, 2
4,08-10-2020 02:58:19.881,discard buy order,'b9', 17, 22, 0
4,08-10-2020 02:58:56.230,new sell order,'s9', 18, 29, 3
4,08-10-2020 02:59:15.907,submit buy order,'b13', 25, 21, 4
4,08-10-2020 03:00:12.664,trade2,'s8', 16, 26, 0,'b6', 11, 31, 1
4,08-10-2020 03:00:31.471,trade3,'s9', 18, 29, 2,'b6', 11, 31, 0
4,08-10-2020 03:00:48.850,discard sell order,'s18', 36, 39, 0
4,08-10-2020 03:01:35.626,new buy order,'b15', 29, 40, 4
4,08-10-2020 03:01:38.929,new buy order,'b8', 15, 30, 3
4,08-10-2020 03:02:11.552,submit buy order,'b25', 49, 33, 2
4,08-10-2020 03:03:00.013,new buy order,'b25', 49, 33, 2
4,08-10-2020 03:03:55.601,discard buy order,'b15', 29, 40, 0
4,08-10-2020 03:04:31.327,trade1,'s9', 18, 29, 0,'b25', 49, 33, 0
4,08-10-2020 03:04:36.059,submit buy order,'b3', 5, 32, 5
4,08-10-2020 03:04:43.164,submit buy order,'b5', 9, 33, 5
4,08-10-2020 03:05:18.291,submit sell order,'s13', 26, 34, 5
4,08-10-2020 03:05:41.928,submit sell order,'s3', 6, 38, 2
4,08-10-2020 03:06:24.457,discard buy order,'b8', 15, 30, 0
4,08-10-2020 03:06:46.772,new buy order,'b1', 1, 35, 1
4,08-10-2020 03:06:51.069,new sell order,'s13', 26, 34, 5
4,08-10-2020 03:07:08.518,new sell order,'s3', 6, 38, 2
4,08-10-2020 03:07:43.997,submit buy order,'b18', 35, 30, 5
4,08-10-2020 03:08:01.633,submit buy order,'b2', 3, 31, 3
4,08-10-2020 03:08:17.353,new buy order,'b13', 25, 21, 4
4,08-10-2020 03:08:31.613,submit buy order,'b23', 45, 24, 3
4,08-10-2020 03:09:03.769,discard sell order,'s3', 6, 38, 0
4,08-10-2020 03:09:16.112,submit buy order,'b21', 41, 24, 3
4,08-10-2020 03:09:40.668,trade3,'s13', 26, 34, 4,'b1', 1, 35, 0
4,08-10-2020 03:10:14.303,submit buy order,'b11', 21, 30, 4
4,08-10-2020 03:10:21.591,discard buy order,'b13', 25, 21, 0
4,08-10-2020 03:10:46.412,discard sell order,'s13', 26, 34, 0
4,08-10-2020 03:11:38.089,new buy order,'b11', 21, 30, 4
4,08-10-2020 03:12:25.308,submit buy order,'b7', 13, 22, 3
4,08-10-2020 03:13:07.592,submit buy order,'b22', 43, 30, 5
4,08-10-2020 03:13:28.765,submit sell order,'s20', 40, 34, 5
4,08-10-2020 03:13:59.976,new buy order,'b18', 35, 30, 5
4,08-10-2020 03:14:59.084,new buy order,'b24', 47, 38, 1
4,08-10-2020 03:15:56.257,discard buy order,'b11', 21, 30, 0
4,08-10-2020 03:16:15.398,new buy order,'b7', 13, 22, 3
4,08-10-2020 03:17:06.295,discard buy order,'b7', 13, 22, 0
4,08-10-2020 03:17:14.061,new sell order,'s20', 40, 34, 5
4,08-10-2020 03:17:29.162,submit sell order,'s10', 20, 21, 3
4,08-10-2020 03:17:49.581,submit sell order,'s19', 38, 27, 3
4,08-10-2020 03:18:48.126,submit buy order,'b16', 31, 22, 2
4,08-10-2020 03:18:50.501,new buy order,'b2', 3, 31, 3
4,08-10-2020 03:19:30.509,discard sell order,'s20', 40, 34, 0
4,08-10-2020 03:19:43.283,new sell order,'s19', 38, 27, 3
4,08-10-2020 03:20:01.891,discard buy order,'b2', 3, 31, 0
4,08-10-2020 03:20:49.753,submit sell order,'s24', 48, 34, 1
4,08-10-2020 03:21:29.834,trade3,'s19', 38, 27, 2,'b24', 47, 38, 0
4,08-10-2020 03:21:32.588,submit buy order,'b20', 39, 40, 4
4,08-10-2020 03:22:01.348,discard sell order,'s19', 38, 27, 0
4,08-10-2020 03:22:13.698,discard buy order,'b18', 35, 30, 0
4,08-10-2020 03:22:24.737,new sell order,'s10', 20, 21, 3
4,08-10-2020 03:22:54.249,new buy order,'b5', 9, 33, 5
4,08-10-2020 03:23:02.095,discard sell order,'s10', 20, 21, 0
4,08-10-2020 03:23:46.393,discard buy order,'b5', 9, 33, 0
4,08-10-2020 03:24:17.087,new sell order,'s24', 48, 34, 1
4,08-10-2020 03:24:29.665,new buy order,'b20', 39, 40, 4
4,08-10-2020 03:24:55.246,trade2,'s24', 48, 34, 0,'b20', 39, 40, 3
4,08-10-2020 03:25:29.363,new buy order,'b3', 5, 32, 5
4,08-10-2020 03:26:28.829,new buy order,'b23', 45, 24, 3
4,08-10-2020 03:27:21.350,submit sell order,'s11', 22, 27, 5
4,08-10-2020 03:27:47.412,submit sell order,'s2', 4, 23, 1
4,08-10-2020 03:28:37.792,submit sell order,'s17', 34, 24, 5
4,08-10-2020 03:29:11.646,discard buy order,'b20', 39, 40, 0
4,08-10-2020 03:29:20.626,new sell order,'s17', 34, 24, 5
4,08-10-2020 03:30:20.600,new buy order,'b10', 19, 37, 5
4,08-10-2020 03:30:39.862,discard buy order,'b10', 19, 37, 0
4,08-10-2020 03:31:06.845,new sell order,'s11', 22, 27, 5
4,08-10-2020 03:31:20.322,submit sell order,'s23', 46, 29, 5
4,08-10-2020 03:32:16.558,trade1,'s17', 34, 24, 0,'b3', 5, 32, 0
4,08-10-2020 03:33:01.118,discard sell order,'s11', 22, 27, 0
4,08-10-2020 03:33:52.043,new sell order,'s23', 46, 29, 5
4,08-10-2020 03:34:27.053,discard buy order,'b23', 45, 24, 0
4,08-10-2020 03:34:29.133,new sell order,'s2', 4, 23, 1
4,08-10-2020 03:34:41.909,submit sell order,'s15', 30, 23, 3
4,08-10-2020 03:35:03.392,discard sell order,'s23', 46, 29, 0
4,08-10-2020 03:35:59.157,new buy order,'b19', 37, 32, 3
4,08-10-2020 03:36:28.616,new sell order,'s15', 30, 23, 3
4,08-10-2020 03:36:32.769,discard sell order,'s2', 4, 23, 0
4,08-10-2020 03:36:38.444,trade1,'s15', 30, 23, 0,'b19', 37, 32, 0
4,08-10-2020 03:37:12.841,submit sell order,'s14', 28, 31, 5
4,08-10-2020 03:37:24.337,new sell order,'s14', 28, 31, 5
4,08-10-2020 03:37:32.878,new buy order,'b16', 31, 22, 2
4,08-10-2020 03:38:01.638,discard sell order,'s14', 28, 31, 0
4,08-10-2020 03:38:23.124,submit sell order,'s6', 12, 20, 4
4,08-10-2020 03:38:28.263,new sell order,'s6', 12, 20, 4
4,08-10-2020 03:39:04.829,trade3,'s6', 12, 20, 2,'b16', 31, 22, 0
4,08-10-2020 03:39:14.998,submit sell order,'s16', 32, 32, 1
4,08-10-2020 03:40:08.051,new buy order,'b21', 41, 24, 3
4,08-10-2020 03:41:05.783,new buy order,'b22', 43, 30, 5
4,08-10-2020 03:41:46.215,new sell order,'s16', 32, 32, 1
4,08-10-2020 03:42:39.823,submit sell order,'s5', 10, 34, 3
4,08-10-2020 03:43:25.704,submit sell order,'s21', 42, 23, 3
4,08-10-2020 03:43:35.623,trade2,'s6', 12, 20, 0,'b22', 43, 30, 3
4,08-10-2020 03:44:16.252,new sell order,'s5', 10, 34, 3
4,08-10-2020 03:45:06.378,submit sell order,'s4', 8, 35, 3
4,08-10-2020 03:46:04.381,submit sell order,'s22', 44, 21, 1
4,08-10-2020 03:46:45.635,discard sell order,'s16', 32, 32, 0
4,08-10-2020 03:47:46.420,discard buy order,'b22', 43, 30, 0
4,08-10-2020 03:47:48.167,submit sell order,'s12', 24, 21, 4
4,08-10-2020 03:48:34.100,discard buy order,'b21', 41, 24, 0
4,08-10-2020 03:49:26.579,discard sell order,'s5', 10, 34, 0
4,08-10-2020 03:49:55.377,new sell order,'s4', 8, 35, 3
4,08-10-2020 03:50:22.742,discard sell order,'s4', 8, 35, 0
4,08-10-2020 03:50:43.387,discard sell order,'s4', 8, 35, 0
4,08-10-2020 03:51:14.311,new sell order,'s22', 44, 21, 1
4,08-10-2020 03:51:31.705,new sell order,'s21', 42, 23, 3
4,08-10-2020 03:51:57.498,discard sell order,'s22', 44, 21, 0
4,08-10-2020 03:52:44.157,discard sell order,'s21', 42, 23, 0
4,08-10-2020 03:52:49.338,new sell order,'s12', 24, 21, 4
4,08-10-2020 03:53:49.940,discard sell order,'s12', 24, 21, 0
5,08-10-2020 03:54:28.775,submit sell order,'s16', 32, 32, 1
5,08-10-2020 03:55:05.858,new sell order,'s16', 32, 32, 1
5,08-10-2020 03:55:53.600,discard sell order,'s16', 32, 32, 0
5,08-10-2020 03:56:13.876,submit sell order,'s15', 30, 23, 3
5,08-10-2020 03:56:30.828,new sell order,'s15', 30, 23, 3
5,08-10-2020 03:57:02.451,discard sell order,'s15', 30, 23, 0
5,08-10-2020 03:57:25.255,submit buy order,'b4', 7, 28, 4
5,08-10-2020 03:58:14.993,submit sell order,'s10', 20, 21, 3
5,08-10-2020 03:58:34.102,new buy order,'b4', 7, 28, 4
5,08-10-2020 03:58:52.047,discard buy order,'b4', 7, 28, 0
5,08-10-2020 03:59:45.899,submit buy order,'b5', 9, 33, 5
5,08-10-2020 03:59:58.144,submit buy order,'b24', 47, 38, 1
5,08-10-2020 04:00:38.894,new sell order,'s10', 20, 21, 3
5,08-10-2020 04:01:15.705,discard sell order,'s10', 20, 21, 0
5,08-10-2020 04:01:22.794,submit buy order,'b25', 49, 33, 2
5,08-10-2020 04:01:36.668,submit sell order,'s23', 46, 29, 5
5,08-10-2020 04:02:00.275,submit sell order,'s21', 42, 23, 3
5,08-10-2020 04:02:59.383,submit buy order,'b19', 37, 32, 3
5,08-10-2020 04:03:27.752,new buy order,'b25', 49, 33, 2
5,08-10-2020 04:04:00.387,new buy order,'b24', 47, 38, 1
5,08-10-2020 04:04:56.887,new sell order,'s21', 42, 23, 3
5,08-10-2020 04:05:28.242,submit sell order,'s4', 8, 35, 3
5,08-10-2020 04:06:14.583,trade3,'s21', 42, 23, 2,'b24', 47, 38, 0
5,08-10-2020 04:06:34.912,new sell order,'s23', 46, 29, 5
5,08-10-2020 04:06:45.121,trade1,'s21', 42, 23, 0,'b25', 49, 33, 0
5,08-10-2020 04:06:54.506,new buy order,'b19', 37, 32, 3
5,08-10-2020 04:07:09.644,discard sell order,'s23', 46, 29, 0
5,08-10-2020 04:07:59.785,new buy order,'b5', 9, 33, 5
5,08-10-2020 04:08:57.606,submit sell order,'s22', 44, 21, 1
5,08-10-2020 04:09:22.204,new sell order,'s22', 44, 21, 1
5,08-10-2020 04:09:37.592,discard buy order,'b19', 37, 32, 0
5,08-10-2020 04:10:37.467,discard buy order,'b5', 9, 33, 0
5,08-10-2020 04:10:40.427,submit buy order,'b15', 29, 40, 4
5,08-10-2020 04:11:16.629,submit buy order,'b12', 23, 37, 5
5,08-10-2020 04:11:26.160,discard sell order,'s22', 44, 21, 0
5,08-10-2020 04:12:16.879,new sell order,'s4', 8, 35, 3
5,08-10-2020 04:12:56.703,new buy order,'b12', 23, 37, 5
5,08-10-2020 04:13:41.310,discard buy order,'b12', 23, 37, 0
5,08-10-2020 04:13:43.328,discard sell order,'s4', 8, 35, 0
5,08-10-2020 04:13:44.918,new buy order,'b15', 29, 40, 4
5,08-10-2020 04:14:28.542,submit buy order,'b7', 13, 22, 3
5,08-10-2020 04:15:05.800,submit sell order,'s8', 16, 26, 1
5,08-10-2020 04:15:11.337,new buy order,'b7', 13, 22, 3
5,08-10-2020 04:16:05.020,submit sell order,'s20', 40, 34, 5
5,08-10-2020 04:16:11.917,discard buy order,'b7', 13, 22, 0
5,08-10-2020 04:16:38.390,submit buy order,'b21', 41, 24, 3
5,08-10-2020 04:17:07.360,submit buy order,'b18', 35, 30, 5
5,08-10-2020 04:17:29.844,submit sell order,'s9', 18, 29, 3
5,08-10-2020 04:18:23.753,discard buy order,'b15', 29, 40, 0
5,08-10-2020 04:19:05.316,submit sell order,'s19', 38, 27, 3
5,08-10-2020 04:19:54.867,new sell order,'s19', 38, 27, 3
5,08-10-2020 04:20:15.111,new sell order,'s8', 16, 26, 1
5,08-10-2020 04:21:07.622,submit buy order,'b10', 19, 37, 5
5,08-10-2020 04:21:36.071,discard sell order,'s19', 38, 27, 0
5,08-10-2020 04:22:22.637,new sell order,'s9', 18, 29, 3
5,08-10-2020 04:22:46.653,new buy order,'b18', 35, 30, 5
5,08-10-2020 04:23:25.483,submit buy order,'b2', 3, 31, 3
5,08-10-2020 04:24:11.141,discard buy order,'b18', 35, 30, 0
5,08-10-2020 04:24:56.150,submit buy order,'b23', 45, 24, 3
5,08-10-2020 04:25:29.530,submit sell order,'s6', 12, 20, 4
5,08-10-2020 04:26:05.827,new sell order,'s6', 12, 20, 4
5,08-10-2020 04:26:19.271,submit buy order,'b3', 5, 32, 5
5,08-10-2020 04:26:40.925,discard sell order,'s6', 12, 20, 0
5,08-10-2020 04:27:28.407,submit buy order,'b16', 31, 22, 2
5,08-10-2020 04:28:11.768,submit sell order,'s24', 48, 34, 1
5,08-10-2020 04:28:21.125,new sell order,'s24', 48, 34, 1
5,08-10-2020 04:28:29.379,discard sell order,'s24', 48, 34, 0
5,08-10-2020 04:29:15.248,new buy order,'b16', 31, 22, 2
5,08-10-2020 04:29:36.047,discard buy order,'b16', 31, 22, 0
5,08-10-2020 04:30:27.977,submit buy order,'b14', 27, 33, 4
5,08-10-2020 04:30:50.664,submit sell order,'s14', 28, 31, 5
5,08-10-2020 04:31:33.809,new sell order,'s20', 40, 34, 5
5,08-10-2020 04:32:30.605,discard sell order,'s9', 18, 29, 0
5,08-10-2020 04:32:44.678,new sell order,'s14', 28, 31, 5
5,08-10-2020 04:33:28.043,new buy order,'b21', 41, 24, 3
5,08-10-2020 04:34:11.329,discard sell order,'s8', 16, 26, 0
5,08-10-2020 04:34:33.651,discard sell order,'s14', 28, 31, 0
5,08-10-2020 04:35:24.668,submit buy order,'b17', 33, 20, 5
5,08-10-2020 04:35:49.559,new buy order,'b14', 27, 33, 4
5,08-10-2020 04:36:26.402,discard buy order,'b14', 27, 33, 0
5,08-10-2020 04:37:27.024,discard buy order,'b21', 41, 24, 0
5,08-10-2020 04:37:29.646,discard sell order,'s9', 18, 29, 0
5,08-10-2020 04:38:16.328,new buy order,'b17', 33, 20, 5
5,08-10-2020 04:38:33.323,discard buy order,'b17', 33, 20, 0
5,08-10-2020 04:39:07.022,submit buy order,'b8', 15, 30, 3
5,08-10-2020 04:39:30.424,new buy order,'b2', 3, 31, 3
5,08-10-2020 04:39:57.771,submit buy order,'b1', 1, 35, 1
5,08-10-2020 04:40:11.957,discard buy order,'b2', 3, 31, 0
5,08-10-2020 04:40:21.911,new buy order,'b1', 1, 35, 1
5,08-10-2020 04:41:11.956,discard buy order,'b1', 1, 35, 0
5,08-10-2020 04:41:48.329,discard sell order,'s20', 40, 34, 0
5,08-10-2020 04:41:53.007,discard sell order,'s14', 28, 31, 0
5,08-10-2020 04:42:03.326,submit buy order,'b22', 43, 30, 5
5,08-10-2020 04:42:33.099,submit buy order,'b6', 11, 31, 2
5,08-10-2020 04:42:39.909,submit buy order,'b9', 17, 22, 5
5,08-10-2020 04:42:55.722,new buy order,'b22', 43, 30, 5
5,08-10-2020 04:43:32.420,new buy order,'b9', 17, 22, 5
5,08-10-2020 04:43:48.159,submit sell order,'s3', 6, 38, 2
5,08-10-2020 04:44:18.390,discard buy order,'b22', 43, 30, 0
5,08-10-2020 04:44:48.423,discard buy order,'b9', 17, 22, 0
5,08-10-2020 04:45:43.960,discard sell order,'s20', 40, 34, 0
5,08-10-2020 04:46:27.046,new buy order,'b6', 11, 31, 2
5,08-10-2020 04:46:50.946,submit sell order,'s7', 14, 25, 1
5,08-10-2020 04:47:51.889,submit sell order,'s18', 36, 39, 5
5,08-10-2020 04:48:27.965,submit sell order,'s2', 4, 23, 1
5,08-10-2020 04:49:25.323,new sell order,'s7', 14, 25, 1
5,08-10-2020 04:49:35.759,new buy order,'b8', 15, 30, 3
5,08-10-2020 04:50:33.097,discard sell order,'s7', 14, 25, 0
5,08-10-2020 04:50:54.482,submit buy order,'b20', 39, 40, 4
5,08-10-2020 04:50:58.129,submit buy order,'b11', 21, 30, 4
5,08-10-2020 04:51:55.275,new sell order,'s2', 4, 23, 1
5,08-10-2020 04:52:03.883,new sell order,'s18', 36, 39, 5
5,08-10-2020 04:52:21.320,submit sell order,'s11', 22, 27, 5
5,08-10-2020 04:52:43.161,new sell order,'s3', 6, 38, 2
5,08-10-2020 04:53:11.748,submit buy order,'b13', 25, 21, 4
5,08-10-2020 04:53:23.253,new buy order,'b20', 39, 40, 4
5,08-10-2020 04:54:08.641,trade2,'s2', 4, 23, 0,'b20', 39, 40, 3
5,08-10-2020 04:54:27.547,discard buy order,'b9', 17, 22, 0
5,08-10-2020 04:55:10.637,discard buy order,'b8', 15, 30, 0
5,08-10-2020 04:56:02.913,new sell order,'s11', 22, 27, 5
5,08-10-2020 04:57:01.148,discard sell order,'s11', 22, 27, 0
5,08-10-2020 04:57:20.499,discard buy order,'b6', 11, 31, 0
5,08-10-2020 04:57:48.359,discard buy order,'b20', 39, 40, 0
5,08-10-2020 04:58:24.743,submit sell order,'s5', 10, 34, 3
5,08-10-2020 04:58:43.963,submit sell order,'s12', 24, 21, 4
5,08-10-2020 04:58:51.190,new buy order,'b23', 45, 24, 3
5,08-10-2020 04:59:19.662,discard buy order,'b23', 45, 24, 0
5,08-10-2020 05:00:20.218,new sell order,'s12', 24, 21, 4
5,08-10-2020 05:00:34.686,new buy order,'b13', 25, 21, 4
5,08-10-2020 05:01:22.191,new sell order,'s5', 10, 34, 3
5,08-10-2020 05:01:34.055,discard buy order,'b13', 25, 21, 0
5,08-10-2020 05:02:10.525,new buy order,'b3', 5, 32, 5
5,08-10-2020 05:02:37.664,submit sell order,'s1', 2, 20, 3
5,08-10-2020 05:03:34.743,new buy order,'b10', 19, 37, 5
5,08-10-2020 05:03:38.419,submit sell order,'s13', 26, 34, 5
5,08-10-2020 05:04:01.880,new sell order,'s1', 2, 20, 3
5,08-10-2020 05:04:56.050,discard sell order,'s18', 36, 39, 0
5,08-10-2020 05:05:46.941,new sell order,'s13', 26, 34, 5
5,08-10-2020 05:05:56.270,trade2,'s1', 2, 20, 0,'b10', 19, 37, 2
5,08-10-2020 05:06:30.780,discard buy order,'b10', 19, 37, 0
5,08-10-2020 05:06:43.083,trade2,'s12', 24, 21, 0,'b3', 5, 32, 1
5,08-10-2020 05:06:51.338,submit sell order,'s25', 50, 20, 5
5,08-10-2020 05:06:56.278,discard sell order,'s13', 26, 34, 0
5,08-10-2020 05:07:05.758,new sell order,'s25', 50, 20, 5
5,08-10-2020 05:07:52.485,new buy order,'b11', 21, 30, 4
5,08-10-2020 05:08:17.031,submit sell order,'s17', 34, 24, 5
5,08-10-2020 05:08:51.602,trade3,'s25', 50, 20, 4,'b3', 5, 32, 0
5,08-10-2020 05:09:29.048,discard sell order,'s5', 10, 34, 0
5,08-10-2020 05:10:29.271,new sell order,'s17', 34, 24, 5
5,08-10-2020 05:10:57.604,trade1,'s25', 50, 20, 0,'b11', 21, 30, 0
5,08-10-2020 05:11:27.067,discard sell order,'s3', 6, 38, 0
5,08-10-2020 05:12:01.154,discard sell order,'s17', 34, 24, 0
6,08-10-2020 05:12:23.318,submit buy order,'b11', 21, 30, 4
6,08-10-2020 05:12:53.768,submit sell order,'s21', 42, 23, 3
6,08-10-2020 05:13:00.764,new sell order,'s21', 42, 23, 3
6,08-10-2020 05:13:30.561,new buy order,'b11', 21, 30, 4
6,08-10-2020 05:14:08.954,submit sell order,'s20', 40, 34, 5
6,08-10-2020 05:14:52.006,trade2,'s21', 42, 23, 0,'b11', 21, 30, 1
6,08-10-2020 05:15:00.850,submit buy order,'b24', 47, 38, 1
6,08-10-2020 05:15:20.776,new buy order,'b24', 47, 38, 1
6,08-10-2020 05:15:27.355,new sell order,'s20', 40, 34, 5
6,08-10-2020 05:15:32.541,submit sell order,'s6', 12, 20, 4
6,08-10-2020 05:15:42.603,submit buy order,'b23', 45, 24, 3
6,08-10-2020 05:16:28.966,new sell order,'s6', 12, 20, 4
6,08-10-2020 05:16:33.925,submit sell order,'s17', 34, 24, 5
6,08-10-2020 05:16:53.977,trade3,'s6', 12, 20, 3,'b24', 47, 38, 0
6,08-10-2020 05:17:21.378,discard sell order,'s20', 40, 34, 0
6,08-10-2020 05:17:38.064,submit buy order,'b2', 3, 31, 3
6,08-10-2020 05:17:55.336,new sell order,'s17', 34, 24, 5
6,08-10-2020 05:18:32.429,submit sell order,'s11', 22, 27, 5
6,08-10-2020 05:19:06.755,new buy order,'b23', 45, 24, 3
6,08-10-2020 05:19:21.051,submit sell order,'s22', 44, 21, 1
6,08-10-2020 05:19:49.522,new buy order,'b2', 3, 31, 3
6,08-10-2020 05:20:48.252,trade1,'s6', 12, 20, 0,'b2', 3, 31, 0
6,08-10-2020 05:21:32.708,discard buy order,'b23', 45, 24, 0
6,08-10-2020 05:21:42.386,trade3,'s17', 34, 24, 4,'b11', 21, 30, 0
6,08-10-2020 05:21:48.256,submit sell order,'s8', 16, 26, 1
6,08-10-2020 05:21:59.051,submit sell order,'s12', 24, 21, 4
6,08-10-2020 05:22:48.637,new sell order,'s22', 44, 21, 1
6,08-10-2020 05:23:05.623,discard sell order,'s22', 44, 21, 0
6,08-10-2020 05:23:58.691,discard sell order,'s17', 34, 24, 0
6,08-10-2020 05:24:48.592,new sell order,'s12', 24, 21, 4
6,08-10-2020 05:25:17.035,new sell order,'s11', 22, 27, 5
6,08-10-2020 05:25:38.594,submit sell order,'s10', 20, 21, 3
6,08-10-2020 05:26:02.982,discard sell order,'s12', 24, 21, 0
6,08-10-2020 05:27:02.492,submit sell order,'s14', 28, 31, 5
6,08-10-2020 05:27:40.182,new sell order,'s14', 28, 31, 5
6,08-10-2020 05:27:42.102,submit sell order,'s13', 26, 34, 5
6,08-10-2020 05:28:35.713,submit buy order,'b16', 31, 22, 2
6,08-10-2020 05:28:38.887,new buy order,'b16', 31, 22, 2
6,08-10-2020 05:28:47.459,discard buy order,'b16', 31, 22, 0
6,08-10-2020 05:29:16.363,discard sell order,'s14', 28, 31, 0
6,08-10-2020 05:29:30.617,submit sell order,'s1', 2, 20, 3
6,08-10-2020 05:29:41.703,discard sell order,'s11', 22, 27, 0
6,08-10-2020 05:29:52.137,submit buy order,'b7', 13, 22, 3
6,08-10-2020 05:30:48.040,new buy order,'b7', 13, 22, 3
6,08-10-2020 05:31:09.519,new sell order,'s13', 26, 34, 5
6,08-10-2020 05:32:05.377,submit buy order,'b4', 7, 28, 4
6,08-10-2020 05:32:49.822,discard sell order,'s13', 26, 34, 0
6,08-10-2020 05:33:22.044,new buy order,'b4', 7, 28, 4
6,08-10-2020 05:33:29.156,new sell order,'s1', 2, 20, 3
6,08-10-2020 05:33:49.333,submit buy order,'b5', 9, 33, 5
6,08-10-2020 05:33:56.267,new buy order,'b5', 9, 33, 5
6,08-10-2020 05:33:59.294,trade2,'s1', 2, 20, 0,'b5', 9, 33, 2
6,08-10-2020 05:34:55.461,submit sell order,'s9', 18, 29, 3
6,08-10-2020 05:35:30.201,discard buy order,'b7', 13, 22, 0
6,08-10-2020 05:35:47.180,new sell order,'s9', 18, 29, 3
6,08-10-2020 05:36:42.471,submit buy order,'b3', 5, 32, 5
6,08-10-2020 05:37:19.439,discard buy order,'b4', 7, 28, 0
6,08-10-2020 05:37:58.431,discard buy order,'b5', 9, 33, 0
6,08-10-2020 05:38:09.447,new sell order,'s10', 20, 21, 3
6,08-10-2020 05:38:23.059,new buy order,'b3', 5, 32, 5
6,08-10-2020 05:38:27.127,new sell order,'s8', 16, 26, 1
6,08-10-2020 05:38:46.469,trade2,'s10', 20, 21, 0,'b3', 5, 32, 2
6,08-10-2020 05:39:25.723,trade2,'s8', 16, 26, 0,'b3', 5, 32, 1
6,08-10-2020 05:40:14.604,trade3,'s9', 18, 29, 2,'b3', 5, 32, 0
6,08-10-2020 05:40:36.611,submit sell order,'s24', 48, 34, 1
6,08-10-2020 05:41:20.074,submit buy order,'b1', 1, 35, 1
6,08-10-2020 05:41:54.659,submit sell order,'s15', 30, 23, 3
6,08-10-2020 05:42:45.447,new buy order,'b1', 1, 35, 1
6,08-10-2020 05:43:31.189,discard buy order,'b1', 1, 35, 0
6,08-10-2020 05:43:40.949,discard sell order,'s9', 18, 29, 0
6,08-10-2020 05:44:30.220,submit sell order,'s5', 10, 34, 3
6,08-10-2020 05:44:59.795,submit buy order,'b18', 35, 30, 5
6,08-10-2020 05:45:36.119,new buy order,'b18', 35, 30, 5
6,08-10-2020 05:46:26.641,new sell order,'s5', 10, 34, 3
6,08-10-2020 05:46:56.902,discard sell order,'s5', 10, 34, 0
6,08-10-2020 05:47:31.041,new sell order,'s24', 48, 34, 1
6,08-10-2020 05:48:04.152,new sell order,'s15', 30, 23, 3
6,08-10-2020 05:48:13.379,submit sell order,'s18', 36, 39, 5
6,08-10-2020 05:48:46.565,new sell order,'s18', 36, 39, 5
6,08-10-2020 05:49:07.963,trade2,'s15', 30, 23, 0,'b18', 35, 30, 2
6,08-10-2020 05:49:57.441,submit sell order,'s19', 38, 27, 3
6,08-10-2020 05:50:25.525,discard buy order,'b18', 35, 30, 0
6,08-10-2020 05:50:46.228,new sell order,'s19', 38, 27, 3
6,08-10-2020 05:51:27.096,submit sell order,'s23', 46, 29, 5
6,08-10-2020 05:52:14.222,submit buy order,'b19', 37, 32, 3
6,08-10-2020 05:52:17.605,submit buy order,'b22', 43, 30, 5
6,08-10-2020 05:53:04.354,discard sell order,'s19', 38, 27, 0
6,08-10-2020 05:53:52.490,new sell order,'s23', 46, 29, 5
6,08-10-2020 05:54:36.580,discard sell order,'s18', 36, 39, 0
6,08-10-2020 05:54:45.585,new buy order,'b22', 43, 30, 5
6,08-10-2020 05:55:07.409,discard buy order,'b22', 43, 30, 0
6,08-10-2020 05:55:22.825,discard sell order,'s19', 38, 27, 0
6,08-10-2020 05:55:29.006,discard sell order,'s23', 46, 29, 0
6,08-10-2020 05:56:19.683,new buy order,'b19', 37, 32, 3
6,08-10-2020 05:56:30.368,submit buy order,'b17', 33, 20, 5
6,08-10-2020 05:56:50.814,submit buy order,'b14', 27, 33, 4
6,08-10-2020 05:57:08.739,discard buy order,'b19', 37, 32, 0
6,08-10-2020 05:57:09.845,discard sell order,'s23', 46, 29, 0
6,08-10-2020 05:57:18.019,discard sell order,'s24', 48, 34, 0
6,08-10-2020 05:57:36.628,submit buy order,'b8', 15, 30, 3
6,08-10-2020 05:58:18.891,submit sell order,'s2', 4, 23, 1
6,08-10-2020 05:58:26.240,new buy order,'b14', 27, 33, 4
6,08-10-2020 05:58:54.343,submit sell order,'s3', 6, 38, 2
6,08-10-2020 05:59:30.982,new sell order,'s3', 6, 38, 2
6,08-10-2020 05:59:55.917,discard buy order,'b14', 27, 33, 0
6,08-10-2020 06:00:12.197,discard sell order,'s3', 6, 38, 0
6,08-10-2020 06:00:43.492,new sell order,'s2', 4, 23, 1
6,08-10-2020 06:01:07.366,new buy order,'b8', 15, 30, 3
6,08-10-2020 06:01:29.085,submit sell order,'s25', 50, 20, 5
6,08-10-2020 06:01:43.654,discard sell order,'s2', 4, 23, 0
6,08-10-2020 06:02:34.713,new sell order,'s25', 50, 20, 5
6,08-10-2020 06:02:46.713,submit buy order,'b25', 49, 33, 2
6,08-10-2020 06:03:01.398,submit sell order,'s16', 32, 32, 1
6,08-10-2020 06:03:37.182,submit sell order,'s4', 8, 35, 3
6,08-10-2020 06:03:46.825,new buy order,'b17', 33, 20, 5
6,08-10-2020 06:04:03.749,trade3,'s25', 50, 20, 2,'b8', 15, 30, 0
6,08-10-2020 06:04:21.333,discard sell order,'s25', 50, 20, 0
6,08-10-2020 06:05:03.157,submit buy order,'b6', 11, 31, 2
6,08-10-2020 06:05:49.657,discard sell order,'s2', 4, 23, 0
6,08-10-2020 06:06:49.326,submit buy order,'b12', 23, 37, 5
6,08-10-2020 06:06:56.094,new buy order,'b12', 23, 37, 5
6,08-10-2020 06:07:32.014,trade2,'s25', 50, 20, 0,'b12', 23, 37, 5
6,08-10-2020 06:07:37.977,discard buy order,'b17', 33, 20, 0
6,08-10-2020 06:08:18.134,new buy order,'b25', 49, 33, 2
6,08-10-2020 06:09:08.731,submit buy order,'b15', 29, 40, 4
6,08-10-2020 06:09:29.239,submit buy order,'b13', 25, 21, 4
6,08-10-2020 06:09:35.250,submit buy order,'b21', 41, 24, 3
6,08-10-2020 06:10:16.587,submit sell order,'s7', 14, 25, 1
6,08-10-2020 06:10:35.918,discard buy order,'b25', 49, 33, 0
6,08-10-2020 06:11:33.683,new buy order,'b21', 41, 24, 3
6,08-10-2020 06:12:24.371,new sell order,'s7', 14, 25, 1
6,08-10-2020 06:12:40.033,submit buy order,'b20', 39, 40, 4
6,08-10-2020 06:12:58.835,trade2,'s7', 14, 25, 0,'b12', 23, 37, 4
6,08-10-2020 06:13:41.768,discard buy order,'b21', 41, 24, 0
6,08-10-2020 06:14:37.827,submit buy order,'b9', 17, 22, 5
6,08-10-2020 06:14:50.827,submit buy order,'b10', 19, 37, 5
6,08-10-2020 06:14:56.268,new buy order,'b13', 25, 21, 4
6,08-10-2020 06:15:22.696,new sell order,'s4', 8, 35, 3
6,08-10-2020 06:16:21.347,discard sell order,'s4', 8, 35, 0
6,08-10-2020 06:17:04.200,new sell order,'s16', 32, 32, 1
6,08-10-2020 06:17:25.880,discard buy order,'b13', 25, 21, 0
6,08-10-2020 06:17:37.786,trade2,'s16', 32, 32, 0,'b12', 23, 37, 3
6,08-10-2020 06:18:06.345,discard buy order,'b12', 23, 37, 0
6,08-10-2020 06:18:44.246,discard buy order,'b12', 23, 37, 0
6,08-10-2020 06:19:16.388,new buy order,'b6', 11, 31, 2
6,08-10-2020 06:19:40.980,new buy order,'b15', 29, 40, 4
6,08-10-2020 06:20:04.989,new buy order,'b9', 17, 22, 5
6,08-10-2020 06:20:22.988,discard buy order,'b6', 11, 31, 0
6,08-10-2020 06:21:22.696,new buy order,'b20', 39, 40, 4
6,08-10-2020 06:21:39.841,new buy order,'b10', 19, 37, 5
6,08-10-2020 06:22:11.710,discard buy order,'b9', 17, 22, 0
6,08-10-2020 06:22:15.428,discard buy order,'b10', 19, 37, 0
6,08-10-2020 06:22:45.728,discard buy order,'b20', 39, 40, 0
6,08-10-2020 06:23:42.265,discard buy order,'b20', 39, 40, 0
6,08-10-2020 06:24:36.372,discard buy order,'b15', 29, 40, 0
7,08-10-2020 06:25:32.324,submit sell order,'s14', 28, 31, 5
7,08-10-2020 06:25:57.351,new sell order,'s14', 28, 31, 5
7,08-10-2020 06:26:08.768,discard sell order,'s14', 28, 31, 0
7,08-10-2020 06:26:40.922,submit sell order,'s25', 50, 20, 5
7,08-10-2020 06:26:45.056,new sell order,'s25', 50, 20, 5
7,08-10-2020 06:27:30.369,discard sell order,'s25', 50, 20, 0
7,08-10-2020 06:28:06.201,submit buy order,'b11', 21, 30, 4
7,08-10-2020 06:28:18.267,new buy order,'b11', 21, 30, 4
7,08-10-2020 06:29:01.060,submit sell order,'s16', 32, 32, 1
7,08-10-2020 06:29:38.974,submit buy order,'b23', 45, 24, 3
7,08-10-2020 06:29:54.558,new sell order,'s16', 32, 32, 1
7,08-10-2020 06:30:38.257,discard buy order,'b11', 21, 30, 0
7,08-10-2020 06:31:11.318,discard sell order,'s16', 32, 32, 0
7,08-10-2020 06:31:51.668,submit sell order,'s13', 26, 34, 5
7,08-10-2020 06:32:10.020,submit buy order,'b7', 13, 22, 3
7,08-10-2020 06:32:40.672,submit buy order,'b22', 43, 30, 5
7,08-10-2020 06:33:21.791,submit buy order,'b15', 29, 40, 4
7,08-10-2020 06:33:35.212,new buy order,'b15', 29, 40, 4
7,08-10-2020 06:34:18.720,submit sell order,'s12', 24, 21, 4
7,08-10-2020 06:35:14.517,submit sell order,'s15', 30, 23, 3
7,08-10-2020 06:35:27.682,new buy order,'b23', 45, 24, 3
7,08-10-2020 06:35:52.111,submit buy order,'b24', 47, 38, 1
7,08-10-2020 06:36:19.992,discard buy order,'b23', 45, 24, 0
7,08-10-2020 06:36:51.140,submit sell order,'s23', 46, 29, 5
7,08-10-2020 06:36:56.144,new buy order,'b24', 47, 38, 1
7,08-10-2020 06:37:24.071,discard buy order,'b24', 47, 38, 0
7,08-10-2020 06:37:33.038,submit buy order,'b1', 1, 35, 1
7,08-10-2020 06:38:25.429,new sell order,'s12', 24, 21, 4
7,08-10-2020 06:38:29.396,discard buy order,'b15', 29, 40, 0
7,08-10-2020 06:38:32.826,new sell order,'s15', 30, 23, 3
7,08-10-2020 06:39:31.037,new buy order,'b7', 13, 22, 3
7,08-10-2020 06:40:08.993,discard sell order,'s15', 30, 23, 0
7,08-10-2020 06:41:00.686,new buy order,'b22', 43, 30, 5
7,08-10-2020 06:41:43.202,new buy order,'b1', 1, 35, 1
7,08-10-2020 06:42:14.882,new sell order,'s23', 46, 29, 5
7,08-10-2020 06:43:07.262,submit sell order,'s4', 8, 35, 3
7,08-10-2020 06:43:09.261,discard buy order,'b7', 13, 22, 0
7,08-10-2020 06:43:36.671,submit buy order,'b13', 25, 21, 4
7,08-10-2020 06:43:41.130,discard sell order,'s23', 46, 29, 0
7,08-10-2020 06:44:00.278,submit buy order,'b20', 39, 40, 4
7,08-10-2020 06:44:11.362,new sell order,'s4', 8, 35, 3
7,08-10-2020 06:44:54.857,submit buy order,'b12', 23, 37, 5
7,08-10-2020 06:45:02.854,discard sell order,'s12', 24, 21, 0
7,08-10-2020 06:45:57.918,discard sell order,'s4', 8, 35, 0
7,08-10-2020 06:46:28.333,discard buy order,'b22', 43, 30, 0
7,08-10-2020 06:47:15.641,submit buy order,'b16', 31, 22, 2
7,08-10-2020 06:48:00.044,discard buy order,'b1', 1, 35, 0
7,08-10-2020 06:48:09.915,submit sell order,'s7', 14, 25, 1
7,08-10-2020 06:48:19.591,submit sell order,'s20', 40, 34, 5
7,08-10-2020 06:48:58.192,new buy order,'b16', 31, 22, 2
7,08-10-2020 06:49:20.682,submit buy order,'b18', 35, 30, 5
7,08-10-2020 06:49:40.605,discard buy order,'b16', 31, 22, 0
7,08-10-2020 06:49:48.145,new sell order,'s7', 14, 25, 1
7,08-10-2020 06:49:51.316,submit buy order,'b21', 41, 24, 3
7,08-10-2020 06:50:50.275,new sell order,'s20', 40, 34, 5
7,08-10-2020 06:51:08.497,new sell order,'s13', 26, 34, 5
7,08-10-2020 06:51:37.564,new buy order,'b20', 39, 40, 4
7,08-10-2020 06:51:50.360,discard sell order,'s20', 40, 34, 0
7,08-10-2020 06:52:00.957,trade2,'s7', 14, 25, 0,'b20', 39, 40, 3
7,08-10-2020 06:52:54.473,submit buy order,'b9', 17, 22, 5
7,08-10-2020 06:53:38.328,trade3,'s13', 26, 34, 2,'b20', 39, 40, 0
7,08-10-2020 06:54:16.815,submit buy order,'b8', 15, 30, 3
7,08-10-2020 06:54:20.443,discard sell order,'s13', 26, 34, 0
7,08-10-2020 06:55:00.400,new buy order,'b8', 15, 30, 3
7,08-10-2020 06:55:43.912,submit sell order,'s8', 16, 26, 1
7,08-10-2020 06:56:11.625,submit sell order,'s22', 44, 21, 1
7,08-10-2020 06:56:52.639,submit sell order,'s18', 36, 39, 5
7,08-10-2020 06:57:06.465,new buy order,'b9', 17, 22, 5
7,08-10-2020 06:57:16.030,discard buy order,'b9', 17, 22, 0
7,08-10-2020 06:58:04.589,submit sell order,'s24', 48, 34, 1
7,08-10-2020 06:58:23.718,submit buy order,'b25', 49, 33, 2
7,08-10-2020 06:58:35.992,submit buy order,'b14', 27, 33, 4
7,08-10-2020 06:59:08.000,discard buy order,'b8', 15, 30, 0
7,08-10-2020 06:59:49.821,submit sell order,'s17', 34, 24, 5
7,08-10-2020 07:00:43.851,submit buy order,'b6', 11, 31, 2
7,08-10-2020 07:01:13.025,submit buy order,'b19', 37, 32, 3
7,08-10-2020 07:02:13.019,submit sell order,'s1', 2, 20, 3
7,08-10-2020 07:02:50.998,new buy order,'b13', 25, 21, 4
7,08-10-2020 07:02:52.503,submit sell order,'s21', 42, 23, 3
7,08-10-2020 07:03:10.074,new sell order,'s17', 34, 24, 5
7,08-10-2020 07:03:21.263,new sell order,'s18', 36, 39, 5
7,08-10-2020 07:04:01.241,new sell order,'s8', 16, 26, 1
7,08-10-2020 07:04:13.076,discard sell order,'s17', 34, 24, 0
7,08-10-2020 07:05:08.687,discard sell order,'s8', 16, 26, 0
7,08-10-2020 07:05:27.963,submit sell order,'s10', 20, 21, 3
7,08-10-2020 07:05:30.240,new buy order,'b19', 37, 32, 3
7,08-10-2020 07:05:58.990,new sell order,'s1', 2, 20, 3
7,08-10-2020 07:06:25.241,trade1,'s1', 2, 20, 0,'b19', 37, 32, 0
7,08-10-2020 07:07:14.103,new buy order,'b6', 11, 31, 2
7,08-10-2020 07:07:46.203,discard sell order,'s18', 36, 39, 0
7,08-10-2020 07:08:13.174,new sell order,'s24', 48, 34, 1
7,08-10-2020 07:08:50.815,discard sell order,'s24', 48, 34, 0
7,08-10-2020 07:09:44.358,discard buy order,'b6', 11, 31, 0
7,08-10-2020 07:10:16.176,new sell order,'s21', 42, 23, 3
7,08-10-2020 07:10:27.124,discard sell order,'s21', 42, 23, 0
7,08-10-2020 07:10:28.768,discard buy order,'b13', 25, 21, 0
7,08-10-2020 07:10:35.793,submit buy order,'b5', 9, 33, 5
7,08-10-2020 07:11:01.322,new sell order,'s10', 20, 21, 3
7,08-10-2020 07:11:32.323,new buy order,'b25', 49, 33, 2
7,08-10-2020 07:12:03.947,discard sell order,'s10', 20, 21, 0
7,08-10-2020 07:12:11.524,discard buy order,'b25', 49, 33, 0
7,08-10-2020 07:12:59.142,new buy order,'b21', 41, 24, 3
7,08-10-2020 07:13:06.990,new buy order,'b14', 27, 33, 4
7,08-10-2020 07:13:30.606,submit buy order,'b10', 19, 37, 5
7,08-10-2020 07:13:42.885,new sell order,'s22', 44, 21, 1
7,08-10-2020 07:13:45.546,submit sell order,'s19', 38, 27, 3
7,08-10-2020 07:14:41.648,submit sell order,'s2', 4, 23, 1
7,08-10-2020 07:15:35.155,submit sell order,'s5', 10, 34, 3
7,08-10-2020 07:16:24.981,submit buy order,'b17', 33, 20, 5
7,08-10-2020 07:16:33.728,discard sell order,'s22', 44, 21, 0
7,08-10-2020 07:16:44.114,new buy order,'b17', 33, 20, 5
7,08-10-2020 07:17:10.410,discard buy order,'b17', 33, 20, 0
7,08-10-2020 07:17:41.868,submit sell order,'s3', 6, 38, 2
7,08-10-2020 07:18:27.553,new sell order,'s2', 4, 23, 1
7,08-10-2020 07:19:10.950,submit buy order,'b2', 3, 31, 3
7,08-10-2020 07:19:49.165,submit buy order,'b4', 7, 28, 4
7,08-10-2020 07:20:01.989,discard sell order,'s2', 4, 23, 0
7,08-10-2020 07:20:37.562,submit sell order,'s6', 12, 20, 4
7,08-10-2020 07:21:00.222,new sell order,'s5', 10, 34, 3
7,08-10-2020 07:21:24.148,new buy order,'b5', 9, 33, 5
7,08-10-2020 07:22:03.712,submit buy order,'b3', 5, 32, 5
7,08-10-2020 07:22:59.219,discard sell order,'s5', 10, 34, 0
7,08-10-2020 07:23:51.636,discard buy order,'b14', 27, 33, 0
7,08-10-2020 07:23:56.034,submit sell order,'s9', 18, 29, 3
7,08-10-2020 07:24:34.081,new buy order,'b10', 19, 37, 5
7,08-10-2020 07:25:31.926,submit sell order,'s11', 22, 27, 5
7,08-10-2020 07:25:47.087,discard buy order,'b21', 41, 24, 0
7,08-10-2020 07:26:35.630,discard buy order,'b10', 19, 37, 0
7,08-10-2020 07:26:49.929,new buy order,'b2', 3, 31, 3
7,08-10-2020 07:27:13.579,discard buy order,'b5', 9, 33, 0
7,08-10-2020 07:27:15.626,new sell order,'s9', 18, 29, 3
7,08-10-2020 07:28:09.605,new buy order,'b12', 23, 37, 5
7,08-10-2020 07:28:29.627,discard sell order,'s9', 18, 29, 0
7,08-10-2020 07:28:39.577,new buy order,'b18', 35, 30, 5
7,08-10-2020 07:29:37.403,new buy order,'b3', 5, 32, 5
7,08-10-2020 07:30:18.027,new sell order,'s19', 38, 27, 3
7,08-10-2020 07:30:52.633,discard sell order,'s19', 38, 27, 0
7,08-10-2020 07:31:43.930,new sell order,'s11', 22, 27, 5
7,08-10-2020 07:31:55.482,new sell order,'s6', 12, 20, 4
7,08-10-2020 07:32:12.466,discard sell order,'s11', 22, 27, 0
7,08-10-2020 07:32:45.816,new buy order,'b4', 7, 28, 4
7,08-10-2020 07:32:54.495,trade2,'s6', 12, 20, 0,'b12', 23, 37, 1
7,08-10-2020 07:33:13.354,new sell order,'s3', 6, 38, 2
7,08-10-2020 07:34:05.713,discard sell order,'s3', 6, 38, 0
7,08-10-2020 07:34:14.569,discard buy order,'b12', 23, 37, 0
7,08-10-2020 07:34:39.027,discard buy order,'b3', 5, 32, 0
7,08-10-2020 07:34:47.152,discard buy order,'b4', 7, 28, 0
7,08-10-2020 07:35:25.683,discard buy order,'b2', 3, 31, 0
7,08-10-2020 07:35:33.825,discard buy order,'b2', 3, 31, 0
7,08-10-2020 07:35:50.541,discard buy order,'b18', 35, 30, 0
8,08-10-2020 07:36:50.659,submit buy order,'b3', 5, 32, 5
8,08-10-2020 07:37:37.576,submit sell order,'s16', 32, 32, 1
8,08-10-2020 07:37:57.656,new buy order,'b3', 5, 32, 5
8,08-10-2020 07:38:35.827,submit buy order,'b23', 45, 24, 3
8,08-10-2020 07:39:11.118,submit buy order,'b24', 47, 38, 1
8,08-10-2020 07:39:33.277,submit sell order,'s2', 4, 23, 1
8,08-10-2020 07:39:40.283,new buy order,'b24', 47, 38, 1
8,08-10-2020 07:39:43.193,new sell order,'s2', 4, 23, 1
8,08-10-2020 07:40:37.487,new sell order,'s16', 32, 32, 1
8,08-10-2020 07:41:30.047,discard buy order,'b24', 47, 38, 0
8,08-10-2020 07:41:45.490,trade2,'s2', 4, 23, 0,'b3', 5, 32, 4
8,08-10-2020 07:42:22.371,submit sell order,'s21', 42, 23, 3
8,08-10-2020 07:42:55.449,new sell order,'s21', 42, 23, 3
8,08-10-2020 07:43:40.539,new buy order,'b23', 45, 24, 3
8,08-10-2020 07:44:34.999,discard buy order,'b3', 5, 32, 0
8,08-10-2020 07:45:03.592,discard sell order,'s21', 42, 23, 0
8,08-10-2020 07:45:44.618,submit sell order,'s5', 10, 34, 3
8,08-10-2020 07:46:03.816,submit sell order,'s6', 12, 20, 4
8,08-10-2020 07:46:45.593,new sell order,'s6', 12, 20, 4
8,08-10-2020 07:47:11.785,discard sell order,'s16', 32, 32, 0
8,08-10-2020 07:48:10.990,discard sell order,'s6', 12, 20, 0
8,08-10-2020 07:48:19.423,submit sell order,'s4', 8, 35, 3
8,08-10-2020 07:49:17.750,new sell order,'s5', 10, 34, 3
8,08-10-2020 07:49:39.282,submit buy order,'b20', 39, 40, 4
8,08-10-2020 07:50:36.588,discard buy order,'b23', 45, 24, 0
8,08-10-2020 07:50:40.586,new sell order,'s4', 8, 35, 3
8,08-10-2020 07:51:38.894,submit sell order,'s12', 24, 21, 4
8,08-10-2020 07:51:52.272,new buy order,'b20', 39, 40, 4
8,08-10-2020 07:52:50.732,submit sell order,'s18', 36, 39, 5
8,08-10-2020 07:53:39.238,submit sell order,'s25', 50, 20, 5
8,08-10-2020 07:53:43.207,trade2,'s5', 10, 34, 0,'b20', 39, 40, 1
8,08-10-2020 07:54:18.212,submit sell order,'s13', 26, 34, 5
8,08-10-2020 07:54:53.352,submit sell order,'s22', 44, 21, 1
8,08-10-2020 07:55:40.054,discard buy order,'b20', 39, 40, 0
8,08-10-2020 07:56:40.935,submit buy order,'b1', 1, 35, 1
8,08-10-2020 07:57:31.991,submit sell order,'s9', 18, 29, 3
8,08-10-2020 07:57:48.911,new buy order,'b1', 1, 35, 1
8,08-10-2020 07:58:24.302,submit buy order,'b21', 41, 24, 3
8,08-10-2020 07:59:08.460,discard sell order,'s4', 8, 35, 0
8,08-10-2020 07:59:10.778,submit sell order,'s3', 6, 38, 2
8,08-10-2020 07:59:37.598,submit buy order,'b22', 43, 30, 5
8,08-10-2020 08:00:29.630,new sell order,'s13', 26, 34, 5
8,08-10-2020 08:01:00.316,submit buy order,'b19', 37, 32, 3
8,08-10-2020 08:01:17.983,discard sell order,'s13', 26, 34, 0
8,08-10-2020 08:02:09.124,new buy order,'b19', 37, 32, 3
8,08-10-2020 08:02:51.882,new sell order,'s12', 24, 21, 4
8,08-10-2020 08:02:58.602,trade3,'s12', 24, 21, 3,'b1', 1, 35, 0
8,08-10-2020 08:03:38.104,discard sell order,'s12', 24, 21, 0
8,08-10-2020 08:04:31.471,new sell order,'s9', 18, 29, 3
8,08-10-2020 08:05:15.872,submit sell order,'s15', 30, 23, 3
8,08-10-2020 08:05:28.592,discard sell order,'s9', 18, 29, 0
8,08-10-2020 08:06:00.462,submit sell order,'s24', 48, 34, 1
8,08-10-2020 08:06:43.109,new buy order,'b21', 41, 24, 3
8,08-10-2020 08:07:18.119,submit buy order,'b13', 25, 21, 4
8,08-10-2020 08:07:46.429,submit sell order,'s10', 20, 21, 3
8,08-10-2020 08:08:26.698,discard buy order,'b19', 37, 32, 0
8,08-10-2020 08:08:52.618,discard buy order,'b21', 41, 24, 0
8,08-10-2020 08:09:26.628,submit sell order,'s1', 2, 20, 3
8,08-10-2020 08:09:35.376,new sell order,'s22', 44, 21, 1
8,08-10-2020 08:10:16.426,submit sell order,'s7', 14, 25, 1
8,08-10-2020 08:11:10.706,submit sell order,'s8', 16, 26, 1
8,08-10-2020 08:12:10.167,new buy order,'b22', 43, 30, 5
8,08-10-2020 08:12:33.569,submit buy order,'b9', 17, 22, 5
8,08-10-2020 08:13:28.435,submit buy order,'b18', 35, 30, 5
8,08-10-2020 08:13:38.533,new sell order,'s15', 30, 23, 3
8,08-10-2020 08:14:23.002,trade2,'s22', 44, 21, 0,'b22', 43, 30, 4
8,08-10-2020 08:15:22.084,discard sell order,'s15', 30, 23, 0
8,08-10-2020 08:16:22.445,submit sell order,'s14', 28, 31, 5
8,08-10-2020 08:16:59.471,submit buy order,'b12', 23, 37, 5
8,08-10-2020 08:17:48.277,discard sell order,'s15', 30, 23, 0
8,08-10-2020 08:18:33.993,new buy order,'b9', 17, 22, 5
8,08-10-2020 08:19:11.521,new sell order,'s3', 6, 38, 2
8,08-10-2020 08:19:20.814,discard sell order,'s3', 6, 38, 0
8,08-10-2020 08:19:42.614,submit buy order,'b10', 19, 37, 5
8,08-10-2020 08:20:22.831,new sell order,'s1', 2, 20, 3
8,08-10-2020 08:21:00.724,submit buy order,'b7', 13, 22, 3
8,08-10-2020 08:21:58.324,trade2,'s1', 2, 20, 0,'b22', 43, 30, 1
8,08-10-2020 08:22:42.742,new sell order,'s24', 48, 34, 1
8,08-10-2020 08:23:05.531,submit sell order,'s17', 34, 24, 5
8,08-10-2020 08:23:35.713,discard sell order,'s24', 48, 34, 0
8,08-10-2020 08:24:33.147,submit buy order,'b14', 27, 33, 4
8,08-10-2020 08:24:53.922,new sell order,'s7', 14, 25, 1
8,08-10-2020 08:25:36.839,trade1,'s7', 14, 25, 0,'b22', 43, 30, 0
8,08-10-2020 08:25:59.096,new buy order,'b18', 35, 30, 5
8,08-10-2020 08:26:12.425,discard buy order,'b18', 35, 30, 0
8,08-10-2020 08:26:54.461,submit buy order,'b5', 9, 33, 5
8,08-10-2020 08:27:30.418,submit buy order,'b8', 15, 30, 3
8,08-10-2020 08:27:33.901,submit buy order,'b17', 33, 20, 5
8,08-10-2020 08:28:29.386,discard buy order,'b9', 17, 22, 0
8,08-10-2020 08:29:27.574,new buy order,'b17', 33, 20, 5
8,08-10-2020 08:29:41.482,new buy order,'b13', 25, 21, 4
8,08-10-2020 08:30:17.505,submit buy order,'b6', 11, 31, 2
8,08-10-2020 08:30:56.201,new buy order,'b7', 13, 22, 3
8,08-10-2020 08:31:02.812,discard buy order,'b7', 13, 22, 0
8,08-10-2020 08:31:32.704,submit sell order,'s19', 38, 27, 3
8,08-10-2020 08:32:01.145,discard buy order,'b13', 25, 21, 0
8,08-10-2020 08:32:30.839,new sell order,'s18', 36, 39, 5
8,08-10-2020 08:32:50.256,new sell order,'s8', 16, 26, 1
8,08-10-2020 08:33:08.573,submit buy order,'b15', 29, 40, 4
8,08-10-2020 08:33:10.720,submit buy order,'b2', 3, 31, 3
8,08-10-2020 08:33:34.258,discard sell order,'s8', 16, 26, 0
8,08-10-2020 08:34:24.275,new sell order,'s14', 28, 31, 5
8,08-10-2020 08:35:16.521,new buy order,'b12', 23, 37, 5
8,08-10-2020 08:35:44.197,trade1,'s14', 28, 31, 0,'b12', 23, 37, 0
8,08-10-2020 08:35:53.956,new buy order,'b2', 3, 31, 3
8,08-10-2020 08:36:44.326,new buy order,'b10', 19, 37, 5
8,08-10-2020 08:37:21.587,discard buy order,'b17', 33, 20, 0
8,08-10-2020 08:38:08.109,new buy order,'b14', 27, 33, 4
8,08-10-2020 08:39:07.699,discard buy order,'b10', 19, 37, 0
8,08-10-2020 08:39:14.151,submit buy order,'b11', 21, 30, 4
8,08-10-2020 08:40:12.324,discard sell order,'s18', 36, 39, 0
8,08-10-2020 08:40:47.814,submit sell order,'s23', 46, 29, 5
8,08-10-2020 08:41:04.717,submit sell order,'s11', 22, 27, 5
8,08-10-2020 08:41:57.031,new buy order,'b8', 15, 30, 3
8,08-10-2020 08:42:01.226,submit buy order,'b4', 7, 28, 4
8,08-10-2020 08:42:45.799,discard buy order,'b14', 27, 33, 0
8,08-10-2020 08:43:44.530,new sell order,'s23', 46, 29, 5
8,08-10-2020 08:44:10.576,submit buy order,'b16', 31, 22, 2
8,08-10-2020 08:45:09.172,discard buy order,'b8', 15, 30, 0
8,08-10-2020 08:45:38.993,trade3,'s23', 46, 29, 2,'b2', 3, 31, 0
8,08-10-2020 08:46:39.536,new sell order,'s25', 50, 20, 5
8,08-10-2020 08:46:58.626,new buy order,'b16', 31, 22, 2
8,08-10-2020 08:47:09.396,submit buy order,'b25', 49, 33, 2
8,08-10-2020 08:47:54.774,new buy order,'b11', 21, 30, 4
8,08-10-2020 08:48:47.483,trade3,'s25', 50, 20, 1,'b11', 21, 30, 0
8,08-10-2020 08:49:03.815,new sell order,'s11', 22, 27, 5
8,08-10-2020 08:49:56.581,trade2,'s25', 50, 20, 0,'b16', 31, 22, 1
8,08-10-2020 08:50:09.411,discard buy order,'b16', 31, 22, 0
8,08-10-2020 08:50:35.084,submit sell order,'s20', 40, 34, 5
8,08-10-2020 08:51:09.431,discard sell order,'s11', 22, 27, 0
8,08-10-2020 08:51:49.633,discard sell order,'s23', 46, 29, 0
8,08-10-2020 08:52:12.250,new sell order,'s19', 38, 27, 3
8,08-10-2020 08:52:58.015,discard sell order,'s19', 38, 27, 0
8,08-10-2020 08:53:26.961,discard sell order,'s19', 38, 27, 0
8,08-10-2020 08:53:54.017,new sell order,'s10', 20, 21, 3
8,08-10-2020 08:54:07.610,discard sell order,'s10', 20, 21, 0
8,08-10-2020 08:54:52.094,new buy order,'b5', 9, 33, 5
8,08-10-2020 08:55:35.121,discard buy order,'b5', 9, 33, 0
8,08-10-2020 08:56:30.681,new sell order,'s20', 40, 34, 5
8,08-10-2020 08:56:59.018,new buy order,'b25', 49, 33, 2
8,08-10-2020 08:57:49.254,new buy order,'b15', 29, 40, 4
8,08-10-2020 08:58:00.858,discard sell order,'s20', 40, 34, 0
8,08-10-2020 08:58:02.367,new buy order,'b4', 7, 28, 4
8,08-10-2020 08:58:25.134,discard buy order,'b4', 7, 28, 0
8,08-10-2020 08:58:51.745,new buy order,'b6', 11, 31, 2
8,08-10-2020 08:59:30.194,discard buy order,'b4', 7, 28, 0
8,08-10-2020 09:00:00.272,new sell order,'s17', 34, 24, 5
8,08-10-2020 09:00:33.364,discard sell order,'s17', 34, 24, 0
8,08-10-2020 09:01:27.694,discard buy order,'b6', 11, 31, 0
8,08-10-2020 09:01:43.861,discard buy order,'b25', 49, 33, 0
8,08-10-2020 09:02:23.809,discard buy order,'b15', 29, 40, 0
9,08-10-2020 09:02:28.669,submit sell order,'s15', 30, 23, 3
9,08-10-2020 09:03:11.930,new sell order,'s15', 30, 23, 3
9,08-10-2020 09:03:15.989,discard sell order,'s15', 30, 23, 0
9,08-10-2020 09:03:28.042,submit buy order,'b18', 35, 30, 5
9,08-10-2020 09:03:34.952,new buy order,'b18', 35, 30, 5
9,08-10-2020 09:04:20.795,submit buy order,'b24', 47, 38, 1
9,08-10-2020 09:04:35.218,new buy order,'b24', 47, 38, 1
9,08-10-2020 09:04:48.780,submit buy order,'b23', 45, 24, 3
9,08-10-2020 09:05:03.266,submit buy order,'b22', 43, 30, 5
9,08-10-2020 09:05:59.520,new buy order,'b22', 43, 30, 5
9,08-10-2020 09:06:26.977,new buy order,'b23', 45, 24, 3
9,08-10-2020 09:07:09.828,discard buy order,'b22', 43, 30, 0
9,08-10-2020 09:08:08.198,submit sell order,'s2', 4, 23, 1
9,08-10-2020 09:08:48.568,new sell order,'s2', 4, 23, 1
9,08-10-2020 09:09:37.779,submit buy order,'b15', 29, 40, 4
9,08-10-2020 09:09:51.176,trade1,'s2', 4, 23, 0,'b24', 47, 38, 0
9,08-10-2020 09:10:47.043,new buy order,'b15', 29, 40, 4
9,08-10-2020 09:11:00.847,submit sell order,'s25', 50, 20, 5
9,08-10-2020 09:11:26.236,new sell order,'s25', 50, 20, 5
9,08-10-2020 09:12:13.513,submit buy order,'b8', 15, 30, 3
9,08-10-2020 09:12:41.257,new buy order,'b8', 15, 30, 3
9,08-10-2020 09:13:02.204,submit buy order,'b2', 3, 31, 3
9,08-10-2020 09:13:35.584,discard sell order,'s25', 50, 20, 0
9,08-10-2020 09:14:16.999,submit buy order,'b12', 23, 37, 5
9,08-10-2020 09:14:27.974,submit sell order,'s1', 2, 20, 3
9,08-10-2020 09:14:43.857,submit buy order,'b10', 19, 37, 5
9,08-10-2020 09:15:12.310,new buy order,'b2', 3, 31, 3
9,08-10-2020 09:15:33.781,discard buy order,'b2', 3, 31, 0
9,08-10-2020 09:16:03.044,discard buy order,'b8', 15, 30, 0
9,08-10-2020 09:16:26.362,submit sell order,'s4', 8, 35, 3
9,08-10-2020 09:16:39.587,new buy order,'b12', 23, 37, 5
9,08-10-2020 09:17:15.484,submit sell order,'s11', 22, 27, 5
9,08-10-2020 09:17:31.021,discard buy order,'b15', 29, 40, 0
9,08-10-2020 09:18:18.576,new buy order,'b10', 19, 37, 5
9,08-10-2020 09:18:21.860,discard buy order,'b18', 35, 30, 0
9,08-10-2020 09:19:18.193,new sell order,'s11', 22, 27, 5
9,08-10-2020 09:20:01.113,discard sell order,'s11', 22, 27, 0
9,08-10-2020 09:20:31.387,submit sell order,'s14', 28, 31, 5
9,08-10-2020 09:21:25.355,discard buy order,'b12', 23, 37, 0
9,08-10-2020 09:22:03.170,submit sell order,'s20', 40, 34, 5
9,08-10-2020 09:22:31.228,submit sell order,'s8', 16, 26, 1
9,08-10-2020 09:23:31.765,submit sell order,'s19', 38, 27, 3
9,08-10-2020 09:23:40.894,submit buy order,'b4', 7, 28, 4
9,08-10-2020 09:24:33.691,discard buy order,'b23', 45, 24, 0
9,08-10-2020 09:25:27.313,discard buy order,'b10', 19, 37, 0
9,08-10-2020 09:26:13.182,submit sell order,'s7', 14, 25, 1
9,08-10-2020 09:26:56.601,submit buy order,'b9', 17, 22, 5
9,08-10-2020 09:27:39.081,discard buy order,'b15', 29, 40, 0
9,08-10-2020 09:28:06.138,new sell order,'s8', 16, 26, 1
9,08-10-2020 09:28:29.214,submit sell order,'s6', 12, 20, 4
9,08-10-2020 09:28:38.705,discard sell order,'s8', 16, 26, 0
9,08-10-2020 09:28:42.959,new sell order,'s7', 14, 25, 1
9,08-10-2020 09:29:13.345,new buy order,'b9', 17, 22, 5
9,08-10-2020 09:29:36.068,submit buy order,'b11', 21, 30, 4
9,08-10-2020 09:29:44.941,new sell order,'s6', 12, 20, 4
9,08-10-2020 09:30:35.005,trade2,'s6', 12, 20, 0,'b9', 17, 22, 1
9,08-10-2020 09:30:36.035,discard sell order,'s7', 14, 25, 0
9,08-10-2020 09:30:41.370,new buy order,'b4', 7, 28, 4
9,08-10-2020 09:31:24.520,discard buy order,'b4', 7, 28, 0
9,08-10-2020 09:31:40.602,discard buy order,'b9', 17, 22, 0
9,08-10-2020 09:32:29.416,new buy order,'b11', 21, 30, 4
9,08-10-2020 09:33:13.377,discard buy order,'b9', 17, 22, 0
9,08-10-2020 09:33:15.471,submit sell order,'s10', 20, 21, 3
9,08-10-2020 09:34:00.911,discard buy order,'b4', 7, 28, 0
9,08-10-2020 09:34:28.142,discard buy order,'b11', 21, 30, 0
9,08-10-2020 09:34:48.681,submit sell order,'s23', 46, 29, 5
9,08-10-2020 09:35:34.244,submit buy order,'b13', 25, 21, 4
9,08-10-2020 09:35:46.128,submit buy order,'b1', 1, 35, 1
9,08-10-2020 09:36:42.348,submit buy order,'b6', 11, 31, 2
9,08-10-2020 09:37:17.570,new buy order,'b1', 1, 35, 1
9,08-10-2020 09:37:35.938,submit sell order,'s5', 10, 34, 3
9,08-10-2020 09:38:01.826,new buy order,'b13', 25, 21, 4
9,08-10-2020 09:38:04.205,submit sell order,'s12', 24, 21, 4
9,08-10-2020 09:39:00.776,submit sell order,'s17', 34, 24, 5
9,08-10-2020 09:39:15.184,submit buy order,'b14', 27, 33, 4
9,08-10-2020 09:40:02.875,submit buy order,'b25', 49, 33, 2
9,08-10-2020 09:40:09.101,new buy order,'b6', 11, 31, 2
9,08-10-2020 09:40:15.760,new buy order,'b25', 49, 33, 2
9,08-10-2020 09:41:15.728,discard buy order,'b6', 11, 31, 0
9,08-10-2020 09:41:38.616,new sell order,'s1', 2, 20, 3
9,08-10-2020 09:41:54.746,new buy order,'b14', 27, 33, 4
9,08-10-2020 09:42:42.969,trade3,'s1', 2, 20, 2,'b1', 1, 35, 0
9,08-10-2020 09:42:53.848,submit sell order,'s21', 42, 23, 3
9,08-10-2020 09:43:33.025,submit sell order,'s22', 44, 21, 1
9,08-10-2020 09:44:09.652,trade2,'s1', 2, 20, 0,'b14', 27, 33, 2
9,08-10-2020 09:44:50.835,new sell order,'s23', 46, 29, 5
9,08-10-2020 09:45:23.904,submit sell order,'s24', 48, 34, 1
9,08-10-2020 09:45:41.889,new sell order,'s20', 40, 34, 5
9,08-10-2020 09:46:40.369,submit sell order,'s3', 6, 38, 2
9,08-10-2020 09:47:26.200,trade3,'s23', 46, 29, 3,'b14', 27, 33, 0
9,08-10-2020 09:48:05.531,new sell order,'s4', 8, 35, 3
9,08-10-2020 09:48:31.298,discard sell order,'s23', 46, 29, 0
9,08-10-2020 09:49:12.276,discard buy order,'b25', 49, 33, 0
9,08-10-2020 09:49:22.719,submit sell order,'s16', 32, 32, 1
9,08-10-2020 09:50:13.834,submit sell order,'s18', 36, 39, 5
9,08-10-2020 09:50:57.218,discard sell order,'s4', 8, 35, 0
9,08-10-2020 09:51:18.889,discard sell order,'s20', 40, 34, 0
9,08-10-2020 09:51:28.558,submit sell order,'s13', 26, 34, 5
9,08-10-2020 09:52:25.042,discard buy order,'b13', 25, 21, 0
9,08-10-2020 09:53:10.386,submit sell order,'s9', 18, 29, 3
9,08-10-2020 09:53:25.324,submit buy order,'b16', 31, 22, 2
9,08-10-2020 09:53:47.072,submit buy order,'b17', 33, 20, 5
9,08-10-2020 09:54:04.526,new sell order,'s16', 32, 32, 1
9,08-10-2020 09:54:27.968,new buy order,'b17', 33, 20, 5
9,08-10-2020 09:54:29.129,new sell order,'s19', 38, 27, 3
9,08-10-2020 09:55:14.449,submit buy order,'b19', 37, 32, 3
9,08-10-2020 09:55:27.030,new buy order,'b19', 37, 32, 3
9,08-10-2020 09:56:05.599,submit buy order,'b5', 9, 33, 5
9,08-10-2020 09:56:07.184,new buy order,'b16', 31, 22, 2
9,08-10-2020 09:56:15.470,discard sell order,'s16', 32, 32, 0
9,08-10-2020 09:56:45.238,submit buy order,'b21', 41, 24, 3
9,08-10-2020 09:57:41.879,new buy order,'b5', 9, 33, 5
9,08-10-2020 09:58:35.338,discard sell order,'s19', 38, 27, 0
9,08-10-2020 09:58:57.456,discard buy order,'b5', 9, 33, 0
9,08-10-2020 09:59:51.090,discard buy order,'b19', 37, 32, 0
9,08-10-2020 10:00:49.865,new sell order,'s5', 10, 34, 3
9,08-10-2020 10:01:43.395,new buy order,'b21', 41, 24, 3
9,08-10-2020 10:02:19.776,discard sell order,'s5', 10, 34, 0
9,08-10-2020 10:02:50.011,new sell order,'s12', 24, 21, 4
9,08-10-2020 10:03:30.063,submit buy order,'b3', 5, 32, 5
9,08-10-2020 10:03:38.771,submit buy order,'b20', 39, 40, 4
9,08-10-2020 10:04:12.270,new buy order,'b20', 39, 40, 4
9,08-10-2020 10:04:42.815,discard sell order,'s12', 24, 21, 0
9,08-10-2020 10:04:53.623,discard buy order,'b16', 31, 22, 0
9,08-10-2020 10:05:00.602,discard buy order,'b20', 39, 40, 0
9,08-10-2020 10:05:02.531,new sell order,'s14', 28, 31, 5
9,08-10-2020 10:05:03.814,new buy order,'b3', 5, 32, 5
9,08-10-2020 10:05:33.112,trade1,'s14', 28, 31, 0,'b3', 5, 32, 0
9,08-10-2020 10:06:25.728,new sell order,'s21', 42, 23, 3
9,08-10-2020 10:06:37.372,trade1,'s21', 42, 23, 0,'b21', 41, 24, 0
9,08-10-2020 10:07:07.835,discard buy order,'b17', 33, 20, 0
9,08-10-2020 10:07:56.316,discard buy order,'b17', 33, 20, 0
9,08-10-2020 10:08:10.152,submit buy order,'b7', 13, 22, 3
9,08-10-2020 10:09:01.379,new buy order,'b7', 13, 22, 3
9,08-10-2020 10:09:03.689,discard buy order,'b7', 13, 22, 0
9,08-10-2020 10:09:10.569,new sell order,'s22', 44, 21, 1
9,08-10-2020 10:10:09.370,new sell order,'s24', 48, 34, 1
9,08-10-2020 10:10:19.355,discard sell order,'s24', 48, 34, 0
9,08-10-2020 10:11:03.269,discard sell order,'s22', 44, 21, 0
9,08-10-2020 10:11:26.798,new sell order,'s3', 6, 38, 2
9,08-10-2020 10:12:20.664,discard sell order,'s3', 6, 38, 0
9,08-10-2020 10:12:23.407,new sell order,'s17', 34, 24, 5
9,08-10-2020 10:12:59.824,new sell order,'s10', 20, 21, 3
9,08-10-2020 10:13:53.313,discard sell order,'s10', 20, 21, 0
9,08-10-2020 10:14:49.111,discard sell order,'s17', 34, 24, 0
9,08-10-2020 10:15:03.042,new sell order,'s18', 36, 39, 5
9,08-10-2020 10:15:50.748,discard sell order,'s18', 36, 39, 0
9,08-10-2020 10:15:56.212,new sell order,'s9', 18, 29, 3
9,08-10-2020 10:16:30.473,new sell order,'s13', 26, 34, 5
9,08-10-2020 10:17:27.045,discard sell order,'s13', 26, 34, 0
9,08-10-2020 10:17:31.020,discard sell order,'s9', 18, 29, 0
10,08-10-2020 10:18:06.055,submit sell order,'s8', 16, 26, 1
10,08-10-2020 10:18:11.070,submit buy order,'b15', 29, 40, 4
10,08-10-2020 10:18:29.542,new sell order,'s8', 16, 26, 1
10,08-10-2020 10:19:28.947,discard sell order,'s8', 16, 26, 0
10,08-10-2020 10:19:33.728,submit buy order,'b17', 33, 20, 5
10,08-10-2020 10:20:19.251,submit buy order,'b3', 5, 32, 5
10,08-10-2020 10:20:31.511,submit sell order,'s18', 36, 39, 5
10,08-10-2020 10:21:16.501,submit buy order,'b20', 39, 40, 4
10,08-10-2020 10:21:27.386,new sell order,'s18', 36, 39, 5
10,08-10-2020 10:21:43.356,submit buy order,'b1', 1, 35, 1
10,08-10-2020 10:22:23.708,new buy order,'b20', 39, 40, 4
10,08-10-2020 10:22:48.341,trade3,'s18', 36, 39, 1,'b20', 39, 40, 0
10,08-10-2020 10:23:11.840,discard sell order,'s18', 36, 39, 0
10,08-10-2020 10:23:17.658,new buy order,'b1', 1, 35, 1
10,08-10-2020 10:23:36.402,discard buy order,'b1', 1, 35, 0
10,08-10-2020 10:23:41.685,submit buy order,'b7', 13, 22, 3
10,08-10-2020 10:24:28.650,submit buy order,'b24', 47, 38, 1
10,08-10-2020 10:25:15.119,submit sell order,'s4', 8, 35, 3
10,08-10-2020 10:25:44.566,submit buy order,'b13', 25, 21, 4
10,08-10-2020 10:26:23.969,submit buy order,'b14', 27, 33, 4
10,08-10-2020 10:26:33.335,submit buy order,'b11', 21, 30, 4
10,08-10-2020 10:27:26.293,new buy order,'b11', 21, 30, 4
10,08-10-2020 10:28:00.849,new buy order,'b3', 5, 32, 5
10,08-10-2020 10:28:41.339,new buy order,'b17', 33, 20, 5
10,08-10-2020 10:29:15.822,new sell order,'s4', 8, 35, 3
10,08-10-2020 10:29:53.139,discard buy order,'b11', 21, 30, 0
10,08-10-2020 10:30:49.321,submit sell order,'s5', 10, 34, 3
10,08-10-2020 10:31:04.841,discard sell order,'s4', 8, 35, 0
10,08-10-2020 10:31:19.034,new buy order,'b24', 47, 38, 1
10,08-10-2020 10:31:34.252,discard buy order,'b24', 47, 38, 0
10,08-10-2020 10:31:48.700,discard buy order,'b3', 5, 32, 0
10,08-10-2020 10:32:35.533,discard buy order,'b17', 33, 20, 0
10,08-10-2020 10:33:17.871,submit sell order,'s22', 44, 21, 1
10,08-10-2020 10:34:03.368,new sell order,'s5', 10, 34, 3
10,08-10-2020 10:34:42.214,discard sell order,'s5', 10, 34, 0
10,08-10-2020 10:35:27.603,submit sell order,'s3', 6, 38, 2
10,08-10-2020 10:36:16.409,submit buy order,'b23', 45, 24, 3
10,08-10-2020 10:37:11.457,submit buy order,'b9', 17, 22, 5
10,08-10-2020 10:37:35.107,new sell order,'s3', 6, 38, 2
10,08-10-2020 10:38:33.275,discard sell order,'s3', 6, 38, 0
10,08-10-2020 10:38:48.383,new buy order,'b9', 17, 22, 5
10,08-10-2020 10:39:08.469,new buy order,'b13', 25, 21, 4
10,08-10-2020 10:39:45.279,new buy order,'b23', 45, 24, 3
10,08-10-2020 10:40:15.876,new buy order,'b14', 27, 33, 4
10,08-10-2020 10:40:23.359,discard sell order,'s3', 6, 38, 0
10,08-10-2020 10:40:46.250,submit buy order,'b4', 7, 28, 4
10,08-10-2020 10:41:28.622,new sell order,'s22', 44, 21, 1
10,08-10-2020 10:42:09.308,trade2,'s22', 44, 21, 0,'b14', 27, 33, 3
10,08-10-2020 10:43:00.083,submit buy order,'b18', 35, 30, 5
10,08-10-2020 10:43:50.813,submit sell order,'s20', 40, 34, 5
10,08-10-2020 10:44:15.388,new sell order,'s20', 40, 34, 5
10,08-10-2020 10:44:43.273,new buy order,'b7', 13, 22, 3
10,08-10-2020 10:45:00.652,discard sell order,'s20', 40, 34, 0
10,08-10-2020 10:45:25.695,new buy order,'b18', 35, 30, 5
10,08-10-2020 10:45:36.424,discard buy order,'b9', 17, 22, 0
10,08-10-2020 10:46:13.574,submit sell order,'s11', 22, 27, 5
10,08-10-2020 10:46:48.284,submit sell order,'s13', 26, 34, 5
10,08-10-2020 10:47:18.078,new buy order,'b4', 7, 28, 4
10,08-10-2020 10:47:37.754,discard buy order,'b13', 25, 21, 0
10,08-10-2020 10:47:50.519,submit buy order,'b21', 41, 24, 3
10,08-10-2020 10:48:50.511,new sell order,'s13', 26, 34, 5
10,08-10-2020 10:49:14.105,discard sell order,'s13', 26, 34, 0
10,08-10-2020 10:50:02.872,submit buy order,'b25', 49, 33, 2
10,08-10-2020 10:50:37.822,submit sell order,'s12', 24, 21, 4
10,08-10-2020 10:51:19.633,discard buy order,'b4', 7, 28, 0
10,08-10-2020 10:52:09.269,new buy order,'b15', 29, 40, 4
10,08-10-2020 10:52:14.565,submit buy order,'b8', 15, 30, 3
10,08-10-2020 10:52:19.067,discard buy order,'b18', 35, 30, 0
10,08-10-2020 10:52:40.682,submit sell order,'s25', 50, 20, 5
10,08-10-2020 10:52:46.728,new buy order,'b21', 41, 24, 3
10,08-10-2020 10:53:27.033,new buy order,'b8', 15, 30, 3
10,08-10-2020 10:53:41.056,submit buy order,'b16', 31, 22, 2
10,08-10-2020 10:53:50.033,new buy order,'b25', 49, 33, 2
10,08-10-2020 10:54:39.531,new sell order,'s25', 50, 20, 5
10,08-10-2020 10:54:59.590,submit buy order,'b5', 9, 33, 5
10,08-10-2020 10:55:20.532,discard buy order,'b21', 41, 24, 0
10,08-10-2020 10:56:12.671,new sell order,'s11', 22, 27, 5
10,08-10-2020 10:56:47.958,trade3,'s25', 50, 20, 1,'b15', 29, 40, 0
10,08-10-2020 10:57:23.000,submit sell order,'s16', 32, 32, 1
10,08-10-2020 10:58:12.641,discard buy order,'b8', 15, 30, 0
10,08-10-2020 10:58:41.650,trade2,'s25', 50, 20, 0,'b14', 27, 33, 2
10,08-10-2020 10:59:37.353,trade3,'s11', 22, 27, 3,'b14', 27, 33, 0
10,08-10-2020 10:59:42.711,submit sell order,'s23', 46, 29, 5
10,08-10-2020 11:00:16.240,discard buy order,'b25', 49, 33, 0
10,08-10-2020 11:01:01.523,submit buy order,'b2', 3, 31, 3
10,08-10-2020 11:01:11.642,discard sell order,'s11', 22, 27, 0
10,08-10-2020 11:01:33.332,new buy order,'b16', 31, 22, 2
10,08-10-2020 11:01:50.338,discard buy order,'b7', 13, 22, 0
10,08-10-2020 11:01:58.731,submit sell order,'s9', 18, 29, 3
10,08-10-2020 11:02:13.218,new buy order,'b2', 3, 31, 3
10,08-10-2020 11:02:21.473,new sell order,'s23', 46, 29, 5
10,08-10-2020 11:02:26.259,submit buy order,'b10', 19, 37, 5
10,08-10-2020 11:03:00.700,discard buy order,'b2', 3, 31, 0
10,08-10-2020 11:03:59.855,discard sell order,'s23', 46, 29, 0
10,08-10-2020 11:04:04.008,new sell order,'s9', 18, 29, 3
10,08-10-2020 11:04:42.733,new buy order,'b5', 9, 33, 5
10,08-10-2020 11:04:46.153,new buy order,'b10', 19, 37, 5
10,08-10-2020 11:05:41.828,submit buy order,'b6', 11, 31, 2
10,08-10-2020 11:06:32.305,new sell order,'s12', 24, 21, 4
10,08-10-2020 11:07:07.522,new sell order,'s16', 32, 32, 1
10,08-10-2020 11:08:00.284,discard sell order,'s9', 18, 29, 0
10,08-10-2020 11:08:50.546,discard sell order,'s12', 24, 21, 0
10,08-10-2020 11:09:10.829,discard buy order,'b10', 19, 37, 0
10,08-10-2020 11:09:52.633,trade2,'s16', 32, 32, 0,'b5', 9, 33, 4
10,08-10-2020 11:10:08.304,discard buy order,'b16', 31, 22, 0
10,08-10-2020 11:10:39.780,submit buy order,'b12', 23, 37, 5
10,08-10-2020 11:10:45.472,submit sell order,'s2', 4, 23, 1
10,08-10-2020 11:11:29.256,new sell order,'s2', 4, 23, 1
10,08-10-2020 11:11:59.670,discard sell order,'s2', 4, 23, 0
10,08-10-2020 11:12:58.224,discard buy order,'b5', 9, 33, 0
10,08-10-2020 11:13:18.805,discard buy order,'b23', 45, 24, 0
10,08-10-2020 11:13:38.172,submit buy order,'b19', 37, 32, 3
10,08-10-2020 11:14:18.799,submit sell order,'s19', 38, 27, 3
10,08-10-2020 11:15:17.666,new sell order,'s19', 38, 27, 3
10,08-10-2020 11:15:19.992,submit sell order,'s6', 12, 20, 4
10,08-10-2020 11:15:49.223,new buy order,'b19', 37, 32, 3
10,08-10-2020 11:16:34.224,submit buy order,'b22', 43, 30, 5
10,08-10-2020 11:17:34.564,trade1,'s19', 38, 27, 0,'b19', 37, 32, 0
10,08-10-2020 11:18:24.877,new buy order,'b6', 11, 31, 2
10,08-10-2020 11:18:53.830,new buy order,'b22', 43, 30, 5
10,08-10-2020 11:19:08.232,discard buy order,'b6', 11, 31, 0
10,08-10-2020 11:19:52.232,new buy order,'b12', 23, 37, 5
10,08-10-2020 11:20:10.474,submit sell order,'s24', 48, 34, 1
10,08-10-2020 11:20:12.428,discard buy order,'b12', 23, 37, 0
10,08-10-2020 11:20:36.867,discard buy order,'b6', 11, 31, 0
10,08-10-2020 11:21:29.685,discard buy order,'b22', 43, 30, 0
10,08-10-2020 11:21:38.947,new sell order,'s24', 48, 34, 1
10,08-10-2020 11:22:31.185,discard sell order,'s24', 48, 34, 0
10,08-10-2020 11:23:21.385,new sell order,'s6', 12, 20, 4
10,08-10-2020 11:23:37.997,discard sell order,'s6', 12, 20, 0
10,08-10-2020 11:24:32.128,submit sell order,'s1', 2, 20, 3
10,08-10-2020 11:25:13.016,submit sell order,'s7', 14, 25, 1
10,08-10-2020 11:26:03.493,new sell order,'s1', 2, 20, 3
10,08-10-2020 11:26:07.085,submit sell order,'s10', 20, 21, 3
10,08-10-2020 11:26:33.412,new sell order,'s10', 20, 21, 3
10,08-10-2020 11:26:49.401,discard sell order,'s10', 20, 21, 0
10,08-10-2020 11:26:55.222,submit sell order,'s14', 28, 31, 5
10,08-10-2020 11:27:40.494,submit sell order,'s21', 42, 23, 3
10,08-10-2020 11:28:22.992,discard sell order,'s1', 2, 20, 0
10,08-10-2020 11:29:12.777,submit sell order,'s15', 30, 23, 3
10,08-10-2020 11:29:40.578,new sell order,'s21', 42, 23, 3
10,08-10-2020 11:30:16.924,discard sell order,'s21', 42, 23, 0
10,08-10-2020 11:30:27.612,new sell order,'s14', 28, 31, 5
10,08-10-2020 11:30:40.424,submit sell order,'s17', 34, 24, 5
10,08-10-2020 11:31:03.434,discard sell order,'s14', 28, 31, 0
10,08-10-2020 11:31:36.718,new sell order,'s15', 30, 23, 3
10,08-10-2020 11:32:23.508,discard sell order,'s15', 30, 23, 0
10,08-10-2020 11:33:03.635,new sell order,'s7', 14, 25, 1
10,08-10-2020 11:33:15.266,discard sell order,'s7', 14, 25, 0
10,08-10-2020 11:33:42.809,new sell order,'s17', 34, 24, 5
10,08-10-2020 11:34:04.043,discard sell order,'s17', 34, 24, 0
